YEAR,DOY,PRECTOTCORR,IMERG_PRECTOT
2021,1,32.9,-999
2021,2,6.13,-999
2021,3,4.67,-999
2021,4,3.21,-999
2021,5,4.86,-999
2021,6,1.6,-999
2021,7,11.34,-999
2021,8,10.29,-999
2021,9,12.13,-999
2021,10,10.42,-999
2021,11,2.21,-999
2021,12,17.52,-999
2021,13,15.11,-999
2021,14,1.13,-999
2021,15,0.35,-999
2021,16,1.4,-999
2021,17,5,-999
2021,18,27.01,-999
2021,19,43.37,-999
2021,20,4.47,-999
2021,21,11.57,-999
2021,22,10.94,-999
2021,23,7.42,-999
2021,24,7.38,-999
2021,25,5.23,-999
2021,26,11.32,-999
2021,27,20.72,-999
2021,28,15.49,-999
2021,29,19.32,-999
2021,30,13.21,-999
2021,31,19.72,-999
2021,32,6.22,-999
2021,33,6.32,-999
2021,34,48.14,-999
2021,35,32.9,-999
2021,36,67.02,-999
2021,37,49.2,-999
2021,38,48.36,-999
2021,39,29.49,-999
2021,40,10.86,-999
2021,41,10.66,-999
2021,42,11.99,-999
2021,43,17.53,-999
2021,44,26.93,-999
2021,45,10.31,-999
2021,46,15.29,-999
2021,47,12.96,-999
2021,48,10.61,-999
2021,49,8.89,-999
2021,50,26.42,-999
2021,51,11.74,-999
2021,52,5.47,-999
2021,53,5.65,-999
2021,54,82.75,-999
2021,55,32.17,-999
2021,56,55.45,-999
2021,57,9.02,-999
2021,58,13.26,-999
2021,59,1.52,-999
2021,60,3.51,-999
2021,61,5.05,-999
2021,62,1.42,-999
2021,63,4.82,-999
2021,64,2.55,-999
2021,65,13.66,-999
2021,66,5.36,-999
2021,67,8.35,-999
2021,68,8.77,-999
2021,69,9.69,-999
2021,70,1.36,-999
2021,71,1.96,-999
2021,72,5.28,-999
2021,73,2.42,-999
2021,74,10.93,-999
2021,75,10.48,-999
2021,76,3.71,-999
2021,77,8.79,-999
2021,78,16.29,-999
2021,79,3.34,-999
2021,80,10.26,-999
2021,81,2.54,-999
2021,82,3.69,-999
2021,83,6.86,-999
2021,84,6.42,-999
2021,85,3.89,-999
2021,86,5.53,-999
2021,87,7.61,-999
2021,88,11.9,-999
2021,89,10.42,-999
2021,90,20.72,-999
2021,91,6.86,-999
2021,92,1.28,-999
2021,93,1.05,-999
2021,94,4.54,-999
2021,95,1.35,-999
2021,96,23.7,-999
2021,97,7.23,-999
2021,98,9.57,-999
2021,99,2.19,-999
2021,100,2.16,-999
2021,101,5.31,-999
2021,102,9.74,-999
2021,103,2.36,-999
2021,104,2.73,-999
2021,105,5.53,-999
2021,106,2.3,-999
2021,107,2.22,-999
2021,108,8.06,-999
2021,109,6.14,-999
2021,110,0.33,-999
2021,111,0.11,-999
2021,112,0.47,-999
2021,113,0.89,-999
2021,114,21.4,-999
2021,115,20.13,-999
2021,116,10.97,-999
2021,117,3.58,-999
2021,118,0.91,-999
2021,119,0.24,-999
2021,120,10.21,-999
2021,121,2.12,-999
2021,122,0.65,-999
2021,123,1.83,-999
2021,124,0.7,-999
2021,125,2.03,-999
2021,126,1.67,-999
2021,127,2.08,-999
2021,128,0.56,-999
2021,129,0.02,-999
2021,130,0.09,-999
2021,131,8.52,-999
2021,132,2.72,-999
2021,133,0.21,-999
2021,134,0.43,-999
2021,135,0.38,-999
2021,136,1.39,-999
2021,137,15.35,-999
2021,138,15.94,-999
2021,139,14.2,-999
2021,140,25.55,-999
2021,141,0.71,-999
2021,142,0.41,-999
2021,143,6.48,-999
2021,144,4.83,-999
2021,145,4.79,-999
2021,146,0.44,-999
2021,147,0.51,-999
2021,148,4.48,-999
2021,149,5.87,-999
2021,150,3.02,-999
2021,151,2.17,-999
2021,152,0.42,-999
2021,153,0.62,-999
2021,154,0.11,-999
2021,155,0.23,-999
2021,156,1.55,-999
2021,157,2.59,-999
2021,158,3.75,-999
2021,159,1.06,-999
2021,160,10.06,-999
2021,161,29.1,-999
2021,162,4.56,-999
2021,163,0.91,-999
2021,164,0.08,-999
2021,165,1.19,-999
2021,166,4.49,-999
2021,167,6.16,-999
2021,168,6.37,-999
2021,169,4.7,-999
2021,170,7.98,-999
2021,171,6.11,-999
2021,172,16.83,-999
2021,173,3.11,-999
2021,174,8.38,-999
2021,175,35,-999
2021,176,2.67,-999
2021,177,2.2,-999
2021,178,4.33,-999
2021,179,13.12,-999
2021,180,5.95,-999
2021,181,2.47,-999
2021,182,0.98,-999
2021,183,0.11,-999
2021,184,0.26,-999
2021,185,0.03,-999
2021,186,0.04,-999
2021,187,0.06,-999
2021,188,0.06,-999
2021,189,0.54,-999
2021,190,2.87,-999
2021,191,2.31,-999
2021,192,0.05,-999
2021,193,0.02,-999
2021,194,0.01,-999
2021,195,0.01,-999
2021,196,0.02,-999
2021,197,0.07,-999
2021,198,0.68,-999
2021,199,1.18,-999
2021,200,0.61,-999
2021,201,0.63,-999
2021,202,0.3,-999
2021,203,0.12,-999
2021,204,3.05,-999
2021,205,0.09,-999
2021,206,0.05,-999
2021,207,0.02,-999
2021,208,0.22,-999
2021,209,0.09,-999
2021,210,2.13,-999
2021,211,3.04,-999
2021,212,2.23,-999
2021,213,1.26,-999
2021,214,27.18,-999
2021,215,11.36,-999
2021,216,3.05,-999
2021,217,0.17,-999
2021,218,0.08,-999
2021,219,0.08,-999
2021,220,0.14,-999
2021,221,0.56,-999
2021,222,0.3,-999
2021,223,0.12,-999
2021,224,1.26,-999
2021,225,10.77,-999
2021,226,2.67,-999
2021,227,0.7,-999
2021,228,0.21,-999
2021,229,0.07,-999
2021,230,1,-999
2021,231,8.45,-999
2021,232,2.03,-999
2021,233,2.88,-999
2021,234,0.67,-999
2021,235,0.2,-999
2021,236,0.2,-999
2021,237,0.35,-999
2021,238,0.1,-999
2021,239,0.06,-999
2021,240,1.34,-999
2021,241,0.84,-999
2021,242,0.54,-999
2021,243,0.22,-999
2021,244,0.08,-999
2021,245,0.13,-999
2021,246,0.09,-999
2021,247,1.03,-999
2021,248,0.45,-999
2021,249,1.75,-999
2021,250,28.93,-999
2021,251,12.39,-999
2021,252,2.23,-999
2021,253,0.74,-999
2021,254,6.69,-999
2021,255,3.64,-999
2021,256,2.76,-999
2021,257,12.21,-999
2021,258,3.89,-999
2021,259,11.87,-999
2021,260,1.58,-999
2021,261,0.45,-999
2021,262,0.84,-999
2021,263,5.84,-999
2021,264,8.2,-999
2021,265,3.88,-999
2021,266,8.4,-999
2021,267,5.47,-999
2021,268,8.1,-999
2021,269,13.85,-999
2021,270,18.31,-999
2021,271,2.69,-999
2021,272,0.01,-999
2021,273,0.1,-999
2021,274,0.18,-999
2021,275,0.02,-999
2021,276,0.43,-999
2021,277,0.71,-999
2021,278,0.96,-999
2021,279,0.94,-999
2021,280,0.16,-999
2021,281,3.83,-999
2021,282,1.06,-999
2021,283,0.19,-999
2021,284,0.14,-999
2021,285,0.06,-999
2021,286,0.38,-999
2021,287,0.2,-999
2021,288,1.46,-999
2021,289,9.31,-999
2021,290,9.36,-999
2021,291,9.52,-999
2021,292,14.27,-999
2021,293,3.68,-999
2021,294,10.88,-999
2021,295,7.26,-999
2021,296,5.1,-999
2021,297,0.41,-999
2021,298,11.96,-999
2021,299,21.49,-999
2021,300,7.44,-999
2021,301,8.01,-999
2021,302,10.01,-999
2021,303,2.45,-999
2021,304,4.16,-999
2021,305,23.2,-999
2021,306,20.95,-999
2021,307,9.88,-999
2021,308,24.18,-999
2021,309,7.6,-999
2021,310,4.93,-999
2021,311,29.92,-999
2021,312,3.47,-999
2021,313,4.33,-999
2021,314,42.32,-999
2021,315,6.26,-999
2021,316,22.08,-999
2021,317,31.35,-999
2021,318,13.13,-999
2021,319,31.54,-999
2021,320,12.37,-999
2021,321,7.2,-999
2021,322,4.48,-999
2021,323,7.35,-999
2021,324,2.01,-999
2021,325,2.61,-999
2021,326,6.46,-999
2021,327,25.71,-999
2021,328,2.61,-999
2021,329,2.65,-999
2021,330,7.51,-999
2021,331,8.11,-999
2021,332,5.74,-999
2021,333,3.73,-999
2021,334,4.29,-999
2021,335,10.02,-999
2021,336,13.77,-999
2021,337,6.47,-999
2021,338,2.22,-999
2021,339,5.02,-999
2021,340,5.93,-999
2021,341,8.85,-999
2021,342,2.65,-999
2021,343,5.74,-999
2021,344,2.52,-999
2021,345,3.87,-999
2021,346,4.84,-999
2021,347,1.15,-999
2021,348,4.48,-999
2021,349,4.57,-999
2021,350,24.66,-999
2021,351,30.24,-999
2021,352,5.51,-999
2021,353,3.73,-999
2021,354,11.69,-999
2021,355,3.02,-999
2021,356,3.2,-999
2021,357,33.56,-999
2021,358,21.36,-999
2021,359,9.27,-999
2021,360,8.23,-999
2021,361,21.81,-999
2021,362,16.53,-999
2021,363,3.84,-999
2021,364,21.19,-999
2021,365,33.74,-999
2022,1,13.41,-999
2022,2,4.68,-999
2022,3,1.34,-999
2022,4,0.75,-999
2022,5,0.51,-999
2022,6,4.6,-999
2022,7,19.75,-999
2022,8,2.09,-999
2022,9,23.07,-999
2022,10,6.53,-999
2022,11,14.09,-999
2022,12,7,-999
2022,13,7.18,-999
2022,14,1.58,-999
2022,15,6.06,-999
2022,16,2.29,-999
2022,17,6.29,-999
2022,18,10.56,-999
2022,19,33.84,-999
2022,20,23.39,-999
2022,21,15.35,-999
2022,22,4.24,-999
2022,23,1.44,-999
2022,24,0.17,-999
2022,25,2.67,-999
2022,26,7.02,-999
2022,27,4.63,-999
2022,28,10.24,-999
2022,29,4.18,-999
2022,30,3.36,-999
2022,31,3.6,-999
2022,32,4.08,-999
2022,33,3.13,-999
2022,34,3.76,-999
2022,35,5.15,-999
2022,36,11.59,-999
2022,37,19.6,-999
2022,38,4.52,-999
2022,39,4.35,-999
2022,40,9.51,-999
2022,41,18.68,-999
2022,42,12.73,-999
2022,43,11.34,-999
2022,44,20.52,-999
2022,45,9.12,-999
2022,46,8.04,-999
2022,47,2.62,-999
2022,48,18.78,-999
2022,49,21.44,-999
2022,50,9.43,-999
2022,51,6.42,-999
2022,52,9.17,-999
2022,53,9.53,-999
2022,54,7.1,-999
2022,55,29.7,-999
2022,56,2.8,-999
2022,57,2.05,-999
2022,58,17.45,-999
2022,59,9.25,-999
2022,60,3.97,-999
2022,61,3.53,-999
2022,62,4.24,-999
2022,63,1.83,-999
2022,64,4.17,-999
2022,65,3.95,-999
2022,66,16.04,-999
2022,67,14.88,-999
2022,68,7.66,-999
2022,69,5.69,-999
2022,70,4.08,-999
2022,71,26.03,-999
2022,72,14.51,-999
2022,73,10.9,-999
2022,74,19.59,-999
2022,75,22.11,-999
2022,76,3.83,-999
2022,77,5.05,-999
2022,78,8.26,-999
2022,79,3.98,-999
2022,80,1.95,-999
2022,81,5.12,-999
2022,82,4.83,-999
2022,83,15.69,-999
2022,84,7.6,-999
2022,85,11.34,-999
2022,86,4.59,-999
2022,87,3.1,-999
2022,88,2.45,-999
2022,89,5.07,-999
2022,90,16.51,-999
2022,91,7.89,-999
2022,92,8.15,-999
2022,93,39.81,-999
2022,94,2.17,-999
2022,95,5.49,-999
2022,96,0.85,-999
2022,97,4.6,-999
2022,98,0.82,-999
2022,99,6.28,-999
2022,100,2.94,-999
2022,101,20.1,-999
2022,102,0.87,-999
2022,103,1.12,-999
2022,104,2.49,-999
2022,105,2.42,-999
2022,106,1.81,-999
2022,107,11.81,-999
2022,108,10.58,-999
2022,109,23.06,-999
2022,110,11.14,-999
2022,111,7.67,-999
2022,112,1.58,-999
2022,113,2.45,-999
2022,114,2.21,-999
2022,115,12.83,-999
2022,116,4.55,-999
2022,117,4.17,-999
2022,118,3.75,-999
2022,119,4.74,-999
2022,120,3.06,-999
2022,121,2.25,-999
2022,122,2.72,-999
2022,123,3.37,-999
2022,124,3.53,-999
2022,125,2.78,-999
2022,126,4.58,-999
2022,127,35.35,-999
2022,128,20.72,-999
2022,129,8.8,-999
2022,130,10.14,-999
2022,131,3.23,-999
2022,132,1.33,-999
2022,133,1.14,-999
2022,134,6.94,-999
2022,135,1.95,-999
2022,136,0.52,-999
2022,137,2.82,-999
2022,138,7.41,-999
2022,139,19.66,-999
2022,140,9.04,-999
2022,141,11.81,-999
2022,142,5.5,-999
2022,143,1.26,-999
2022,144,0.93,-999
2022,145,2.26,-999
2022,146,18.59,-999
2022,147,2.28,-999
2022,148,2.05,-999
2022,149,5.16,-999
2022,150,1.53,-999
2022,151,1.4,-999
2022,152,2.01,-999
2022,153,2.79,-999
2022,154,1.6,-999
2022,155,1.32,-999
2022,156,28.61,-999
2022,157,27.51,-999
2022,158,4.53,-999
2022,159,3.6,-999
2022,160,3.7,-999
2022,161,3.85,-999
2022,162,6.98,-999
2022,163,17.92,-999
2022,164,14.23,-999
2022,165,6.67,-999
2022,166,2.77,-999
2022,167,4.88,-999
2022,168,2.08,-999
2022,169,4.34,-999
2022,170,1.97,-999
2022,171,16.55,-999
2022,172,5.08,-999
2022,173,0.25,-999
2022,174,4.39,-999
2022,175,1.89,-999
2022,176,10.37,-999
2022,177,36.86,-999
2022,178,13.01,-999
2022,179,0.96,-999
2022,180,0.13,-999
2022,181,0.68,-999
2022,182,0.82,-999
2022,183,5.99,-999
2022,184,6.29,-999
2022,185,2.07,-999
2022,186,4.75,-999
2022,187,4.66,-999
2022,188,1,-999
2022,189,1.19,-999
2022,190,0.6,-999
2022,191,1.82,-999
2022,192,1.79,-999
2022,193,4.3,-999
2022,194,25.72,-999
2022,195,15.56,-999
2022,196,10.66,-999
2022,197,26.73,-999
2022,198,4.79,-999
2022,199,1.16,-999
2022,200,0.73,-999
2022,201,0.03,-999
2022,202,0.05,-999
2022,203,0.04,-999
2022,204,0.36,-999
2022,205,0.04,-999
2022,206,0.02,-999
2022,207,0.01,-999
2022,208,0.07,-999
2022,209,0.19,-999
2022,210,0.15,-999
2022,211,0.52,-999
2022,212,0,-999
2022,213,0.01,-999
2022,214,0.33,-999
2022,215,0.23,-999
2022,216,0.18,-999
2022,217,0.27,-999
2022,218,1.42,-999
2022,219,2.36,-999
2022,220,0.81,-999
2022,221,2.96,-999
2022,222,12.88,-999
2022,223,7.71,-999
2022,224,3.76,-999
2022,225,19.87,-999
2022,226,5.99,-999
2022,227,4.57,-999
2022,228,4.31,-999
2022,229,0.3,-999
2022,230,0.43,-999
2022,231,0.14,-999
2022,232,0.65,-999
2022,233,1.35,-999
2022,234,0.13,-999
2022,235,0.11,-999
2022,236,0,-999
2022,237,0.07,-999
2022,238,0.22,-999
2022,239,1.11,-999
2022,240,0.11,-999
2022,241,0.13,-999
2022,242,0.48,-999
2022,243,1.08,-999
2022,244,0.51,-999
2022,245,0.07,-999
2022,246,0.21,-999
2022,247,0.27,-999
2022,248,0.5,-999
2022,249,1.2,-999
2022,250,11.7,-999
2022,251,6.25,-999
2022,252,6.55,-999
2022,253,16.56,-999
2022,254,9.26,-999
2022,255,3.32,-999
2022,256,6.23,-999
2022,257,1.4,-999
2022,258,11.25,-999
2022,259,18.52,-999
2022,260,0.42,-999
2022,261,0.22,-999
2022,262,3.99,-999
2022,263,3.1,-999
2022,264,6.33,-999
2022,265,7.98,-999
2022,266,8.22,-999
2022,267,1.01,-999
2022,268,0.61,-999
2022,269,1.22,-999
2022,270,0.22,-999
2022,271,0.64,-999
2022,272,2.93,-999
2022,273,5.81,-999
2022,274,4.02,-999
2022,275,8.15,-999
2022,276,7.85,-999
2022,277,3.34,-999
2022,278,8.01,-999
2022,279,17.98,-999
2022,280,17.94,-999
2022,281,12.04,-999
2022,282,6.37,-999
2022,283,22.78,-999
2022,284,5.22,-999
2022,285,5.39,-999
2022,286,14.21,-999
2022,287,15.2,-999
2022,288,33.58,-999
2022,289,4.29,-999
2022,290,3.19,-999
2022,291,19.73,-999
2022,292,8.3,-999
2022,293,2.54,-999
2022,294,8.81,-999
2022,295,0.91,-999
2022,296,3.45,-999
2022,297,5.66,-999
2022,298,8.5,-999
2022,299,3.52,-999
2022,300,0.11,-999
2022,301,0.57,-999
2022,302,0.51,-999
2022,303,1.15,-999
2022,304,2.36,-999
2022,305,15.29,-999
2022,306,5.61,-999
2022,307,7.27,-999
2022,308,29.51,-999
2022,309,15.77,-999
2022,310,16,-999
2022,311,17.62,-999
2022,312,3.71,-999
2022,313,8.06,-999
2022,314,5.62,-999
2022,315,3.7,-999
2022,316,6.51,-999
2022,317,9.61,-999
2022,318,8.54,-999
2022,319,7.06,-999
2022,320,5.75,-999
2022,321,6.36,-999
2022,322,5.18,-999
2022,323,12.69,-999
2022,324,2.57,-999
2022,325,4.06,-999
2022,326,4.44,-999
2022,327,3.92,-999
2022,328,11.1,-999
2022,329,12.48,-999
2022,330,25.35,-999
2022,331,7.68,-999
2022,332,5.16,-999
2022,333,5.47,-999
2022,334,2.91,-999
2022,335,9.82,-999
2022,336,5.34,-999
2022,337,2.6,-999
2022,338,5.78,-999
2022,339,8.91,-999
2022,340,2.75,-999
2022,341,2.68,-999
2022,342,3.31,-999
2022,343,10.35,-999
2022,344,0.42,-999
2022,345,3.03,-999
2022,346,25.58,-999
2022,347,6.18,-999
2022,348,7.63,-999
2022,349,2.39,-999
2022,350,14.09,-999
2022,351,3.83,-999
2022,352,1.39,-999
2022,353,2.47,-999
2022,354,3.1,-999
2022,355,3.8,-999
2022,356,12.21,-999
2022,357,6.26,-999
2022,358,2.3,-999
2022,359,2.68,-999
2022,360,6.77,-999
2022,361,34.78,-999
2022,362,12.23,-999
2022,363,19.18,-999
2022,364,64.64,-999
2022,365,100.95,-999
2023,1,9.95,-999
2023,2,7.41,-999
2023,3,3.99,-999
2023,4,4.63,-999
2023,5,4.22,-999
2023,6,31.14,-999
2023,7,7.23,-999
2023,8,2.41,-999
2023,9,4.28,-999
2023,10,5.75,-999
2023,11,3.09,-999
2023,12,2.01,-999
2023,13,1.9,-999
2023,14,3.46,-999
2023,15,6.33,-999
2023,16,10.51,-999
2023,17,20.93,-999
2023,18,12.98,-999
2023,19,11.59,-999
2023,20,4.01,-999
2023,21,4.82,-999
2023,22,1.89,-999
2023,23,4.71,-999
2023,24,19.43,-999
2023,25,15.1,-999
2023,26,11.62,-999
2023,27,4.26,-999
2023,28,8.97,-999
2023,29,3.87,-999
2023,30,3.09,-999
2023,31,2.95,-999
2023,32,3.77,-999
2023,33,1.97,-999
2023,34,2.06,-999
2023,35,4.66,-999
2023,36,4.97,-999
2023,37,5.36,-999
2023,38,7.82,-999
2023,39,9.77,-999
2023,40,6.39,-999
2023,41,9.51,-999
2023,42,22.94,-999
2023,43,6.36,-999
2023,44,7.22,-999
2023,45,5.24,-999
2023,46,9.56,-999
2023,47,19.96,-999
2023,48,27.67,-999
2023,49,7.94,-999
2023,50,15.32,-999
2023,51,23.11,-999
2023,52,9.1,-999
2023,53,35.13,-999
2023,54,52.72,-999
2023,55,11.49,-999
2023,56,13.54,-999
2023,57,12.82,-999
2023,58,28.65,-999
2023,59,5,-999
2023,60,11.15,-999
2023,61,47.09,-999
2023,62,3.94,-999
2023,63,10.4,-999
2023,64,10.93,-999
2023,65,3.35,-999
2023,66,1.41,-999
2023,67,3.44,-999
2023,68,1.97,-999
2023,69,0.3,-999
2023,70,4.2,-999
2023,71,1.78,-999
2023,72,0.2,-999
2023,73,10.35,-999
2023,74,7.24,-999
2023,75,8.38,-999
2023,76,3.54,-999
2023,77,0.56,-999
2023,78,2.16,-999
2023,79,15.5,-999
2023,80,8.06,-999
2023,81,8.76,-999
2023,82,1.9,-999
2023,83,4.49,-999
2023,84,5.15,-999
2023,85,23.86,-999
2023,86,8.08,-999
2023,87,1.99,-999
2023,88,2.19,-999
2023,89,1.67,-999
2023,90,2.3,-999
2023,91,5.9,-999
2023,92,1.17,-999
2023,93,2.46,-999
2023,94,2.17,-999
2023,95,0.08,-999
2023,96,3.67,-999
2023,97,5.13,-999
2023,98,6.96,-999
2023,99,4.03,-999
2023,100,14.95,-999
2023,101,3.25,-999
2023,102,11.49,-999
2023,103,4.04,-999
2023,104,1.23,-999
2023,105,4.85,-999
2023,106,0.61,-999
2023,107,0.84,-999
2023,108,0.39,-999
2023,109,0.63,-999
2023,110,7.62,-999
2023,111,9.62,-999
2023,112,3.44,-999
2023,113,2.93,-999
2023,114,6.24,-999
2023,115,18.59,-999
2023,116,7.79,-999
2023,117,15.73,-999
2023,118,13.37,-999
2023,119,21.01,-999
2023,120,7.08,-999
2023,121,7.42,-999
2023,122,16.48,-999
2023,123,10.02,-999
2023,124,16.69,-999
2023,125,14.99,-999
2023,126,10.69,-999
2023,127,1.81,-999
2023,128,0.36,-999
2023,129,0.77,-999
2023,130,5.29,-999
2023,131,16.92,-999
2023,132,7.03,-999
2023,133,0.12,-999
2023,134,0.06,-999
2023,135,0.04,-999
2023,136,0.11,-999
2023,137,0.04,-999
2023,138,0.06,-999
2023,139,0.11,-999
2023,140,0,-999
2023,141,0.06,-999
2023,142,0.19,-999
2023,143,0.16,-999
2023,144,0.07,-999
2023,145,1.92,-999
2023,146,0.14,-999
2023,147,0.01,-999
2023,148,0,-999
2023,149,0.09,-999
2023,150,0.11,-999
2023,151,0.05,-999
2023,152,0.04,-999
2023,153,0.02,-999
2023,154,0.02,-999
2023,155,0.32,-999
2023,156,2.86,-999
2023,157,23.97,-999
2023,158,9.51,-999
2023,159,1.31,-999
2023,160,0.19,-999
2023,161,0.2,-999
2023,162,17.1,-999
2023,163,6.12,-999
2023,164,0.26,-999
2023,165,0.12,-999
2023,166,0.12,-999
2023,167,0.56,-999
2023,168,0.27,-999
2023,169,0.38,-999
2023,170,4.59,-999
2023,171,1.98,-999
2023,172,0.06,-999
2023,173,0.3,-999
2023,174,0.17,-999
2023,175,0.53,-999
2023,176,2.62,-999
2023,177,4.12,-999
2023,178,5.42,-999
2023,179,4.1,-999
2023,180,1.93,-999
2023,181,1.12,-999
2023,182,1.17,-999
2023,183,19.69,-999
2023,184,5.03,-999
2023,185,2.36,-999
2023,186,2.03,-999
2023,187,28.62,-999
2023,188,15.41,-999
2023,189,8.41,-999
2023,190,2.97,-999
2023,191,1.48,-999
2023,192,1.15,-999
2023,193,0.28,-999
2023,194,0.97,-999
2023,195,0.79,-999
2023,196,0.16,-999
2023,197,0.01,-999
2023,198,0,-999
2023,199,0,-999
2023,200,0,-999
2023,201,0.01,-999
2023,202,0.03,-999
2023,203,0.01,-999
2023,204,0.1,-999
2023,205,0.12,-999
2023,206,0,-999
2023,207,0.01,-999
2023,208,0,-999
2023,209,0.02,-999
2023,210,0,-999
2023,211,0.04,-999
2023,212,0.12,-999
2023,213,0.05,-999
2023,214,0.16,-999
2023,215,0.22,-999
2023,216,0.19,-999
2023,217,0.43,-999
2023,218,0.55,-999
2023,219,9.96,-999
2023,220,1.06,-999
2023,221,0.22,-999
2023,222,0,-999
2023,223,0,-999
2023,224,0.04,-999
2023,225,0.04,-999
2023,226,0,-999
2023,227,0.01,-999
2023,228,0.12,-999
2023,229,0.25,-999
2023,230,0.05,-999
2023,231,0.02,-999
2023,232,0,-999
2023,233,0,-999
2023,234,0,-999
2023,235,0,-999
2023,236,0,-999
2023,237,0.01,-999
2023,238,0.01,-999
2023,239,0,-999
2023,240,0,-999
2023,241,0,-999
2023,242,0,-999
2023,243,0,-999
2023,244,0,-999
2023,245,0,-999
2023,246,0,-999
2023,247,0,-999
2023,248,0,-999
2023,249,0,-999
2023,250,0,-999
2023,251,0,-999
2023,252,0,-999
2023,253,0,-999
2023,254,0,-999
2023,255,0,-999
2023,256,0.09,-999
2023,257,1.6,-999
2023,258,2.85,-999
2023,259,1.18,-999
2023,260,0.32,-999
2023,261,0.21,-999
2023,262,0.01,-999
2023,263,0,-999
2023,264,0,-999
2023,265,0,-999
2023,266,0,-999
2023,267,0,-999
2023,268,0,-999
2023,269,0,-999
2023,270,0,-999
2023,271,0,-999
2023,272,0.02,-999
2023,273,0.02,-999
2023,274,0.02,-999
2023,275,0.02,-999
2023,276,0.05,-999
2023,277,0.18,-999
2023,278,0.06,-999
2023,279,0.03,-999
2023,280,0.04,-999
2023,281,0.08,-999
2023,282,0.07,-999
2023,283,0.77,-999
2023,284,0.99,-999
2023,285,0.06,-999
2023,286,4.93,-999
2023,287,2.45,-999
2023,288,0.36,-999
2023,289,0.32,-999
2023,290,0.34,-999
2023,291,0.16,-999
2023,292,0.06,-999
2023,293,0.06,-999
2023,294,0.03,-999
2023,295,0.02,-999
2023,296,0.05,-999
2023,297,2.35,-999
2023,298,1.49,-999
2023,299,0.44,-999
2023,300,0.04,-999
2023,301,0.06,-999
2023,302,0.12,-999
2023,303,0.15,-999
2023,304,3,-999
2023,305,0.32,-999
2023,306,0.23,-999
2023,307,4.47,-999
2023,308,6.03,-999
2023,309,9.03,-999
2023,310,0.25,-999
2023,311,0.2,-999
2023,312,0.33,-999
2023,313,1.24,-999
2023,314,14.42,-999
2023,315,2.14,-999
2023,316,9.23,-999
2023,317,9.16,-999
2023,318,28.25,-999
2023,319,15.32,-999
2023,320,11.07,-999
2023,321,0.44,-999
2023,322,0.33,-999
2023,323,0.54,-999
2023,324,8.73,-999
2023,325,7.01,-999
2023,326,6.84,-999
2023,327,7.71,-999
2023,328,10.99,-999
2023,329,9.92,-999
2023,330,0.28,-999
2023,331,22.65,-999
2023,332,4.99,-999
2023,333,5.21,-999
2023,334,21.6,-999
2023,335,43.26,-999
2023,336,4.19,-999
2023,337,26.44,-999
2023,338,51.86,-999
2023,339,31.76,-999
2023,340,3.03,-999
2023,341,4.26,-999
2023,342,2.57,-999
2023,343,1.37,-999
2023,344,2.24,-999
2023,345,0.59,-999
2023,346,1.22,-999
2023,347,4.9,-999
2023,348,1,-999
2023,349,1.19,-999
2023,350,1.01,-999
2023,351,0.04,-999
2023,352,0.01,-999
2023,353,0.07,-999
2023,354,0.01,-999
2023,355,0.01,-999
2023,356,0.67,-999
2023,357,0.1,-999
2023,358,2.12,-999
2023,359,17.76,-999
2023,360,1.64,-999
2023,361,2.12,-999
2023,362,7.5,-999
2023,363,71.47,-999
2023,364,6.21,-999
2023,365,6.28,-999
2024,1,11.16,-999
2024,2,15.99,-999
2024,3,26.63,-999
2024,4,6.61,-999
2024,5,3.94,-999
2024,6,2.61,-999
2024,7,6.5,-999
2024,8,4.16,-999
2024,9,3.74,-999
2024,10,4.62,-999
2024,11,11.47,-999
2024,12,1.07,-999
2024,13,0.72,-999
2024,14,0.28,-999
2024,15,10.78,-999
2024,16,17.2,-999
2024,17,21.55,-999
2024,18,25.24,-999
2024,19,22.67,-999
2024,20,8.25,-999
2024,21,2.83,-999
2024,22,19.78,-999
2024,23,11.42,-999
2024,24,8.98,-999
2024,25,4.32,-999
2024,26,3.73,-999
2024,27,15.49,-999
2024,28,4.97,-999
2024,29,29.71,-999
2024,30,4.36,-999
2024,31,27.35,-999
2024,32,9.61,-999
2024,33,11.57,-999
2024,34,48.4,-999
2024,35,14.31,-999
2024,36,17.89,-999
2024,37,16.5,-999
2024,38,8.01,-999
2024,39,2.67,-999
2024,40,4.32,-999
2024,41,15.35,-999
2024,42,8.81,-999
2024,43,3.58,-999
2024,44,13.05,-999
2024,45,6.48,-999
2024,46,4.44,-999
2024,47,0.97,-999
2024,48,18.3,-999
2024,49,8.56,-999
2024,50,5.98,-999
2024,51,7.44,-999
2024,52,1.75,-999
2024,53,0.63,-999
2024,54,1.39,-999
2024,55,10.78,-999
2024,56,16.97,-999
2024,57,5.35,-999
2024,58,1.21,-999
2024,59,3.39,-999
2024,60,0.47,-999
2024,61,1.7,-999
2024,62,1.4,-999
2024,63,1.51,-999
2024,64,1.32,-999
2024,65,1.3,-999
2024,66,7.83,-999
2024,67,1.46,-999
2024,68,9.56,-999
2024,69,54.42,-999
2024,70,12.37,-999
2024,71,31.39,-999
2024,72,44.07,-999
2024,73,97.36,-999
2024,74,29.2,-999
2024,75,9.05,-999
2024,76,4.97,-999
2024,77,14.74,-999
2024,78,4.22,-999
2024,79,0.04,-999
2024,80,0.26,-999
2024,81,1.3,-999
2024,82,4.93,-999
2024,83,0.89,-999
2024,84,3.82,-999
2024,85,8.93,-999
2024,86,14.56,-999
2024,87,9.16,-999
2024,88,4.03,-999
2024,89,2.96,-999
2024,90,3.21,-999
2024,91,9.81,-999
2024,92,11.58,-999
2024,93,22.8,-999
2024,94,13.05,-999
2024,95,8.86,-999
2024,96,63.29,-999
2024,97,0.93,-999
2024,98,23.17,-999
2024,99,15.93,-999
2024,100,30.32,-999
2024,101,18.4,-999
2024,102,13.02,-999
2024,103,1.9,-999
2024,104,4.28,-999
2024,105,6.44,-999
2024,106,12.98,-999
2024,107,8.24,-999
2024,108,2.07,-999
2024,109,4.43,-999
2024,110,3.59,-999
2024,111,5.03,-999
2024,112,5.98,-999
2024,113,5.81,-999
2024,114,3.94,-999
2024,115,11.35,-999
2024,116,5.15,-999
2024,117,2.72,-999
2024,118,6.04,-999
2024,119,1.93,-999
2024,120,1.43,-999
2024,121,0.69,-999
2024,122,0.23,-999
2024,123,3.4,-999
2024,124,0.25,-999
2024,125,0.03,-999
2024,126,0.04,-999
2024,127,0.07,-999
2024,128,0.14,-999
2024,129,3.22,-999
2024,130,8.22,-999
2024,131,0.37,-999
2024,132,0.96,-999
2024,133,1.45,-999
2024,134,0.21,-999
2024,135,0.04,-999
2024,136,0.08,-999
2024,137,0,-999
2024,138,0.01,-999
2024,139,0.02,-999
2024,140,0,-999
2024,141,0,-999
2024,142,0.01,-999
2024,143,0.1,-999
2024,144,4.1,-999
2024,145,17.65,-999
2024,146,8.4,-999
2024,147,0.15,-999
2024,148,0.01,-999
2024,149,0.1,-999
2024,150,2.01,-999
2024,151,0.21,-999
2024,152,1.12,-999
2024,153,6.09,-999
2024,154,42.13,-999
2024,155,14.99,-999
2024,156,2.48,-999
2024,157,0.42,-999
2024,158,1.11,-999
2024,159,1.92,-999
2024,160,0.8,-999
2024,161,3.88,-999
2024,162,0.8,-999
2024,163,2.66,-999
2024,164,21.35,-999
2024,165,2.38,-999
2024,166,6.49,-999
2024,167,11.53,-999
2024,168,3.34,-999
2024,169,7.06,-999
2024,170,9.01,-999
2024,171,0.28,-999
2024,172,0.46,-999
2024,173,0.06,-999
2024,174,0.21,-999
2024,175,0.87,-999
2024,176,2.18,-999
2024,177,3.65,-999
2024,178,0.82,-999
2024,179,1.72,-999
2024,180,11.65,-999
2024,181,3.36,-999
2024,182,2.81,-999
2024,183,2.41,-999
2024,184,4.91,-999
2024,185,2.41,-999
2024,186,7.57,-999
2024,187,0.47,-999
2024,188,3,-999
2024,189,2.47,-999
2024,190,0.24,-999
2024,191,0.18,-999
2024,192,0.1,-999
2024,193,0.03,-999
2024,194,0.03,-999
2024,195,0,-999
2024,196,0,-999
2024,197,0,-999
2024,198,0,-999
2024,199,0,-999
2024,200,0,-999
2024,201,0,-999
2024,202,0,-999
2024,203,0,-999
2024,204,0.01,-999
2024,205,0.19,-999
2024,206,0.02,-999
2024,207,0.02,-999
2024,208,0.13,-999
2024,209,0.32,-999
2024,210,0.08,-999
2024,211,0.09,-999
2024,212,0.42,-999
2024,213,7.21,-999
2024,214,15.27,-999
2024,215,4.22,-999
2024,216,3.54,-999
2024,217,0.61,-999
2024,218,0.02,-999
2024,219,0,-999
2024,220,0.01,-999
2024,221,0.24,-999
2024,222,0.07,-999
2024,223,0.16,-999
2024,224,0.16,-999
2024,225,0,-999
2024,226,0.01,-999
2024,227,0.01,-999
2024,228,0,-999
2024,229,0,-999
2024,230,0,-999
2024,231,0,-999
2024,232,0,-999
2024,233,0,-999
2024,234,0,-999
2024,235,0,-999
2024,236,0,-999
2024,237,0.29,-999
2024,238,0.17,-999
2024,239,0.03,-999
2024,240,0.03,-999
2024,241,0.04,-999
2024,242,0.03,-999
2024,243,0,-999
2024,244,0,-999
2024,245,0,-999
2024,246,0,-999
2024,247,11.62,-999
2024,248,27.03,-999
2024,249,74.43,-999
2024,250,12.68,-999
2024,251,10.62,-999
2024,252,8.93,-999
2024,253,7.9,-999
2024,254,3.93,-999
2024,255,1.25,-999
2024,256,2.19,-999
2024,257,0.39,-999
2024,258,2.09,-999
2024,259,1.76,-999
2024,260,0.05,-999
2024,261,0.03,-999
2024,262,0.03,-999
2024,263,0.05,-999
2024,264,0.1,-999
2024,265,0.12,-999
2024,266,6.89,-999
2024,267,6.62,-999
2024,268,2.84,-999
2024,269,5.68,-999
2024,270,2.48,-999
2024,271,1.19,-999
2024,272,0.66,-999
2024,273,0.47,-999
2024,274,2.71,-999
2024,275,14.49,-999
2024,276,16.55,-999
2024,277,4.58,-999
2024,278,1.66,-999
2024,279,4.89,-999
2024,280,3.29,-999
2024,281,0.21,-999
2024,282,4.29,-999
2024,283,3.48,-999
2024,284,1.24,-999
2024,285,0.15,-999
2024,286,1.19,-999
2024,287,0.68,-999
2024,288,9.23,-999
2024,289,11.36,-999
2024,290,0.12,-999
2024,291,0.09,-999
2024,292,0.08,-999
2024,293,1.51,-999
2024,294,10.18,-999
2024,295,0.39,-999
2024,296,0.56,-999
2024,297,0.65,-999
2024,298,0.76,-999
2024,299,1.43,-999
2024,300,1.65,-999
2024,301,1.91,-999
2024,302,0.79,-999
2024,303,0.32,-999
2024,304,6.89,-999
2024,305,15.83,-999
2024,306,19.32,-999
2024,307,12.67,-999
2024,308,18.81,-999
2024,309,19.46,-999
2024,310,13.62,-999
2024,311,2.23,-999
2024,312,1.12,-999
2024,313,10.54,-999
2024,314,13.67,-999
2024,315,9.16,-999
2024,316,11.7,-999
2024,317,8.16,-999
2024,318,2.77,-999
2024,319,7.33,-999
2024,320,2.7,-999
2024,321,2.84,-999
2024,322,3.22,-999
2024,323,13.39,-999
2024,324,49.24,-999
2024,325,6.34,-999
2024,326,7.54,-999
2024,327,22.29,-999
2024,328,3.13,-999
2024,329,10.37,-999
2024,330,6.59,-999
2024,331,11.23,-999
2024,332,4.72,-999
2024,333,30.76,-999
2024,334,8,-999
2024,335,16.09,-999
2024,336,15.22,-999
2024,337,20.15,-999
2024,338,4.57,-999
2024,339,3.77,-999
2024,340,24.89,-999
2024,341,31.57,-999
2024,342,1.72,-999
2024,343,6.26,-999
2024,344,6.93,-999
2024,345,13.63,-999
2024,346,15.21,-999
2024,347,10.67,-999
2024,348,10.62,-999
2024,349,26.1,-999
2024,350,7.69,-999
2024,351,8.37,-999
2024,352,8.06,-999
2024,353,9.88,-999
2024,354,6.18,-999
2024,355,3.18,-999
2024,356,5.09,-999
2024,357,5.5,-999
2024,358,8.77,-999
2024,359,10.5,-999
2024,360,19.48,-999
2024,361,13.97,-999
2024,362,0.52,-999
2024,363,9.23,-999
2024,364,4.74,-999
2024,365,3.97,-999
2024,366,7.22,-999
2025,1,6.8,-999
2025,2,10.51,-999
2025,3,0.6,-999
2025,4,5.25,-999
2025,5,5.25,-999
2025,6,3.76,-999
2025,7,10.15,-999
2025,8,18.55,-999
2025,9,4.4,-999
2025,10,2.89,-999
2025,11,8.51,-999
2025,12,17.88,-999
2025,13,4.07,-999
2025,14,27.5,-999
2025,15,3.45,-999
2025,16,4.5,-999
2025,17,9.08,-999
2025,18,10.33,-999
2025,19,17.53,-999
2025,20,30.11,-999
2025,21,28.06,-999
2025,22,11.67,-999
2025,23,4.18,-999
2025,24,6.34,-999
2025,25,4.42,-999
2025,26,6.29,-999
2025,27,4.14,-999
2025,28,5.48,-999
2025,29,29.83,-999
2025,30,32.94,-999
2025,31,8.71,-999
2025,32,14.1,-999
2025,33,25.3,-999
2025,34,26.14,-999
2025,35,18.31,-999
2025,36,19.74,-999
2025,37,21.42,-999
2025,38,6.11,-999
2025,39,7.15,-999
2025,40,5.83,-999
2025,41,5.94,-999
2025,42,1.17,-999
2025,43,1.18,-999
2025,44,7.19,-999
2025,45,12.94,-999
2025,46,6.15,-999
2025,47,3.76,-999
2025,48,9.27,-999
2025,49,3.16,-999
2025,50,5.99,-999
2025,51,6.31,-999
2025,52,1.97,-999
2025,53,3.64,-999
2025,54,13.1,-999
2025,55,20.82,-999
2025,56,12.89,-999
2025,57,5.36,-999
2025,58,3.69,-999
2025,59,9.59,-999
2025,60,1.45,-999
2025,61,2.84,-999
2025,62,14.48,-999
2025,63,16.33,-999
2025,64,1.36,-999
2025,65,5.45,-999
2025,66,4.81,-999
2025,67,26.13,-999
2025,68,26.18,-999
2025,69,26.29,-999
2025,70,5.47,-999
2025,71,2.98,-999
2025,72,8.87,-999
2025,73,4.55,-999
2025,74,15.59,-999
2025,75,24.27,-999
2025,76,14.92,-999
2025,77,15.55,-999
2025,78,3.89,-999
2025,79,0.8,-999
2025,80,2.42,-999
2025,81,10.13,-999
2025,82,1.69,-999
2025,83,3.34,-999
2025,84,1.25,-999
2025,85,2.13,-999
2025,86,6.09,-999
2025,87,12.95,-999
2025,88,7.96,-999
2025,89,9.05,-999
2025,90,2.92,-999
2025,91,13.5,-999
2025,92,5.23,-999
2025,93,5.56,-999
2025,94,3.46,-999
2025,95,0.22,-999
2025,96,5.26,-999
2025,97,17.46,-999
2025,98,3.49,-999
2025,99,16.3,-999
2025,100,7.24,-999
2025,101,4,-999
2025,102,4.38,-999
2025,103,4.2,-999
2025,104,17.22,-999
2025,105,0.32,-999
2025,106,0.67,-999
2025,107,2.36,-999
2025,108,3.07,-999
2025,109,1.82,-999
2025,110,4.26,-999
2025,111,9.04,-999
2025,112,9.07,-999
2025,113,4.79,-999
2025,114,2.58,-999
2025,115,14.61,-999
2025,116,12.65,-999
2025,117,0.02,-999
2025,118,0.02,-999
2025,119,0.04,-999
2025,120,0.11,-999
2025,121,4.67,-999
2025,122,29.6,-999
2025,123,25.06,-999
2025,124,8.79,-999
2025,125,13.06,-999
2025,126,7.53,-999
2025,127,2.37,-999
2025,128,2.5,-999
2025,129,4.17,-999
2025,130,3.06,-999
2025,131,11.9,-999
2025,132,4.09,-999
2025,133,21.01,-999
2025,134,18.56,-999
2025,135,8.15,-999
2025,136,8.57,-999
2025,137,10.15,-999
2025,138,9.19,-999
2025,139,17.21,-999
2025,140,2.98,-999
2025,141,28,-999
2025,142,36.55,-999
2025,143,54.97,-999
2025,144,61.59,-999
2025,145,8.38,-999
2025,146,8.03,-999
2025,147,6.41,-999
2025,148,0.04,-999
2025,149,0.59,-999
2025,150,0.29,-999
2025,151,7.46,-999
2025,152,2.1,-999
2025,153,0.67,-999
2025,154,0.84,-999
2025,155,4.53,-999
2025,156,3.23,-999
2025,157,0.17,-999
2025,158,0.2,-999
2025,159,4.36,-999
2025,160,2.64,-999
2025,161,30.1,-999
2025,162,13.95,-999
2025,163,0.09,-999
2025,164,1.34,-999
2025,165,7.72,-999
2025,166,5.12,-999
2025,167,17.03,-999
2025,168,7.11,-999
2025,169,11,-999
2025,170,1.69,-999
2025,171,0.43,-999
2025,172,9.67,-999
2025,173,3.95,-999
2025,174,0.84,-999
2025,175,0.3,-999
2025,176,0.9,-999
2025,177,0.8,-999
2025,178,16.44,-999
2025,179,11.44,-999
2025,180,4.19,-999
2025,181,1.86,-999
2025,182,1.73,-999
2025,183,2.94,-999
2025,184,4.49,-999
2025,185,1,-999
2025,186,0.53,-999
2025,187,1.41,-999
2025,188,4.2,-999
2025,189,0.22,-999
2025,190,0.12,-999
2025,191,0.07,-999
2025,192,0.09,-999
2025,193,0.04,-999
2025,194,6.2,-999
2025,195,0.45,-999
2025,196,0.21,-999
2025,197,0,-999
2025,198,0,-999
2025,199,0,-999
2025,200,0,-999
2025,201,0.06,-999
2025,202,0.01,-999
2025,203,0.08,-999
2025,204,0.4,-999
2025,205,1.23,-999
2025,206,0.82,-999
2025,207,0.15,-999
2025,208,0.55,-999
2025,209,2.3,-999
2025,210,1.89,-999
2025,211,2.78,-999
2025,212,1.53,-999
2025,213,0.43,-999
2025,214,0.45,-999
2025,215,17.5,-999
2025,216,2.14,-999
2025,217,4.37,-999
2025,218,0.63,-999
2025,219,0.06,-999
2025,220,0.13,-999
2025,221,0.4,-999
2025,222,9.33,-999
2025,223,15.66,-999
2025,224,9.86,-999
2025,225,0.85,-999
2025,226,0.21,-999
2025,227,0.79,-999
2025,228,0.84,-999
2025,229,0.16,-999
2025,230,3.09,-999
2025,231,8.31,-999
2025,232,5.76,-999
2025,233,2.17,-999
2025,234,1.22,-999
2025,235,0.92,-999
2025,236,0.92,-999
2025,237,0.41,-999
2025,238,0.06,-999
2025,239,2.23,-999
2025,240,2.93,-999
2025,241,11.68,-999
2025,242,4.49,-999
2025,243,0.65,-999
2025,244,0.41,-999
2025,245,2.36,-999
2025,246,0.47,-999
2025,247,2.18,-999
2025,248,0.39,-999
2025,249,0.04,-999
2025,250,0.13,-999
2025,251,1.74,-999
2025,252,12.91,-999
2025,253,17.93,-999
2025,254,32.07,-999
2025,255,0.74,-999
2025,256,0.45,-999
2025,257,1.04,-999
2025,258,4.83,-999
2025,259,10.54,-999
2025,260,25.47,-999
2025,261,11.69,-999
2025,262,6.63,-999
2025,263,4.14,-999
2025,264,6.48,-999
2025,265,0.72,-999
2025,266,0.06,-999
2025,267,0.44,-999
2025,268,1.06,-999
2025,269,1.62,-999
2025,270,2.52,-999
2025,271,4.52,-999
2025,272,9.66,-999
2025,273,12.04,-999
2025,274,9.79,-999
2025,275,3.2,-999
2025,276,0.96,-999
2025,277,0.02,-999
2025,278,1.02,-999
2025,279,1.61,-999
2025,280,1.07,-999
2025,281,1.78,-999
2025,282,3.05,-999
2025,283,8.05,-999
2025,284,3,-999
2025,285,27.05,-999
2025,286,14.56,-999
2025,287,2.97,-999
2025,288,0.74,-999
2025,289,12.58,-999
2025,290,6.04,-999
2025,291,5.81,-999
2025,292,2.8,-999
2025,293,2.95,-999
2025,294,50.98,-999
2025,295,33.46,-999
2025,296,9.25,-999
2025,297,32.94,-999
2025,298,21.61,-999
2025,299,6.91,-999
2025,300,17.52,-999
2025,301,28.69,-999
2025,302,9.64,-999
2025,303,0.35,-999
2025,304,3.71,-999
2025,305,11.82,-999
2025,306,17.35,-999
2025,307,1.87,-999
2025,308,2.44,-999
2025,309,5.67,-999
2025,310,17.52,-999
2025,311,3.19,-999
2025,312,15.63,-999
2025,313,10.2,-999
2025,314,11.28,-999
2025,315,15.68,-999
2025,316,20.71,-999
2025,317,21.14,-999
2025,318,5.17,-999
2025,319,6.24,-999
2025,320,26.87,-999
2025,321,7.28,-999
2025,322,18.13,-999
2025,323,22.91,-999
2025,324,8.04,-999
2025,325,17.33,-999
2025,326,18.03,-999
2025,327,9.34,-999
2025,328,6.91,-999
2025,329,1.57,-999
2025,330,2.07,-999
2025,331,4.57,-999
2025,332,0.52,-999
2025,333,1.98,-999
2025,334,0.76,-999
2025,335,0.92,-999
2025,336,3.82,-999
2025,337,10.8,-999
2025,338,18.61,-999
2025,339,13.84,-999
2025,340,4.47,-999
2025,341,3.57,-999
2025,342,9.44,-999
2025,343,15.27,-999
2025,344,2.49,-999
2025,345,9.11,-999
2025,346,1.3,-999
2025,347,11.39,-999
2025,348,26.72,-999
2025,349,7.83,-999
2025,350,2.67,-999
2025,351,2.18,-999
2025,352,5.16,-999
2025,353,1.35,-999
2025,354,4.37,-999
2025,355,32.66,-999
2025,356,8.25,-999
2025,357,6.26,-999
2025,358,6.26,-999
2025,359,45.77,-999
2025,360,32.01,-999
2025,361,19.25,-999
2025,362,2.82,-999
2025,363,1.35,-999
2025,364,2.26,-999
2025,365,29.96,-999
2026,1,16.38,-999
2026,2,22.5,-999
2026,3,27.83,-999
2026,4,20.15,-999
2026,5,9.96,-999
2026,6,0.59,-999
2026,7,2.68,-999
2026,8,21.41,-999
2026,9,20.75,-999
2026,10,35.3,-999
2026,11,9.89,-999
2026,12,39.22,-999
2026,13,7.06,-999
2026,14,19.46,-999
2026,15,46.55,-999
2026,16,15.01,-999
2026,17,16.78,-999
2026,18,12.7,-999
2026,19,2.85,-999
2026,20,9.57,-999
2026,21,8.41,-999
2026,22,6.98,-999
2026,23,28.13,-999
2026,24,2.25,-999
2026,25,8.71,-999
2026,26,9.38,-999
2026,27,6.26,-999
2026,28,12.53,-999
2026,29,2.63,-999
2026,30,15.39,-999
2026,31,6.28,-999
2026,32,10.55,-999
2026,33,12.79,-999
2026,34,14.65,-999
2026,35,12.33,-999
2026,36,10.41,-999
2026,37,9.75,-999
2026,38,8.58,-999
2026,39,-999,-999
2026,40,-999,-999
2026,41,-999,-999
2026,42,12.8,-999
2026,43,8.8,-999
2026,44,12.67,-999
2026,45,10.64,-999
2026,46,8.6,-999
2026,47,15.3,-999
2026,48,16.09,-999
2026,49,13.1,-999
2026,50,8.97,-999
2026,51,8.25,-999
2026,52,10.74,-999
2026,53,16.02,-999
