tanggal,tahun,bulan,lebaran,harga_beras,harga_gkg,curah_hujan,produksi_padi,inflasi_pangan
2018-01-01,2018,1,0,11546.77,6018.690838608953,434.60,30560.52,1.77
2018-02-01,2018,2,0,12232.14,6014.04276652853,271.10,81111.34,0.43
2018-03-01,2018,3,0,11488.71,5481.646077214895,182.00,85621.12,0.21
2018-04-01,2018,4,0,11400.00,5296.088329172034,110.30,49898.8,-0.54
2018-05-01,2018,5,0,11264.52,5302.680499341295,54.80,40895.61,-0.42
2018-06-01,2018,6,1,11206.67,5396.0662872331,31.00,71465.93,1.08
2018-07-01,2018,7,0,11004.84,5242.689777097369,8.40,53152.58,0.88
2018-08-01,2018,8,0,11000.00,5328.901152245081,17.90,35049.15,-0.99
2018-09-01,2018,9,0,11000.00,5428.20805106736,39.80,17337.82,-1.59
2018-10-01,2018,10,0,11000.00,5494.43567682472,36.90,12907.09,-0.19
2018-11-01,2018,11,0,11538.33,5678.069063815176,457.50,18079.41,1.25
2018-12-01,2018,12,0,11400.00,5741.503898916995,271.00,18856.12,1.28
2019-01-01,2019,1,0,11400.00,5756.0,447.30,50891.32,0.62
2019-02-01,2019,2,0,11364.29,5709.0,343.50,33272.85,-0.86
2019-03-01,2019,3,0,11250.00,5492.0,423.40,155051.86,0.95
2019-04-01,2019,4,0,11116.67,5301.0,214.70,73085.68,1.97
2019-05-01,2019,5,0,11000.00,5267.0,47.30,24783.93,0.85
2019-06-01,2019,6,1,11000.00,5294.0,6.40,41329.9,-0.24
2019-07-01,2019,7,0,11000.00,5368.0,7.40,53987.13,0.7
2019-08-01,2019,8,0,10922.58,5437.0,5.00,47115.33,-0.4
2019-09-01,2019,9,0,10900.00,5505.0,3.30,15223.98,-1.34
2019-10-01,2019,10,0,10900.00,5581.0,35.00,8840.05,-0.45
2019-11-01,2019,11,0,10900.00,5638.0,123.10,9244.21,0.86
2019-12-01,2019,12,0,10929.03,5688.0,311.30,20651.16,1.1
2020-01-01,2020,1,0,11000.00,5756.0,239.70,24309.15,1.39
2020-02-01,2020,2,0,11000.00,5716.0,302.10,26964.98,1.92
2020-03-01,2020,3,0,11000.00,5496.0,548.10,107599.81,-0.19
2020-04-01,2020,4,0,11000.00,5294.0,210.80,117216.88,-0.7
2020-05-01,2020,5,1,11000.00,5268.0,187.30,41119.25,-0.1
2020-06-01,2020,6,0,11000.00,5439.0,72.90,33937.73,1.17
2020-07-01,2020,7,0,11000.00,5457.0,23.00,57103.21,-0.79
2020-08-01,2020,8,0,11000.00,5488.0,43.40,45904.57,-1.01
2020-09-01,2020,9,0,11000.00,5516.0,68.20,23746.73,-0.24
2020-10-01,2020,10,0,11000.00,5541.0,248.50,14878.73,-1.35
2020-11-01,2020,11,0,11000.00,5523.0,452.00,12743.87,1.29
2020-12-01,2020,12,0,11000.00,5547.0,399.80,17871.04,1.37
2021-01-01,2021,1,0,11000.00,5381.0,358.50,34832.38,0.71
2021-02-01,2021,2,0,11000.00,5437.0,486.30,120453.56,0.62
2021-03-01,2021,3,0,11000.00,5360.0,206.60,101075.88,0.38
2021-04-01,2021,4,0,10900.00,5242.0,168.00,51600.05,-0.22
2021-05-01,2021,5,1,10750.00,5222.0,74.40,31423.12,-0.17
2021-06-01,2021,6,0,10750.00,5190.0,327.80,65810.96,-0.32
2021-07-01,2021,7,0,10750.00,5092.0,30.70,56962.41,0.36
2021-08-01,2021,8,0,10750.00,5140.0,50.20,30706.6,0.02
2021-09-01,2021,9,0,10750.00,5127.0,125.30,11898.06,1.01
2021-10-01,2021,10,0,10817.74,5144.0,173.60,13387.96,0.23
2021-11-01,2021,11,0,10900.00,5186.0,509.00,17091.55,1.08
2021-12-01,2021,12,0,10940.32,5212.0,314.20,21288.5,2.38
2022-01-01,2022,1,0,11150.00,5431.0,279.30,33919.43,1.16
2022-02-01,2022,2,0,11150.00,5503.0,280.10,120910.32,-1.18
2022-03-01,2022,3,0,11150.00,5416.0,345.40,113289.45,1.39
2022-04-01,2022,4,0,11150.00,5327.0,357.50,48792.23,1.26
2022-05-01,2022,5,1,11150.00,5294.0,252.40,27785.18,1.81
2022-06-01,2022,6,0,11150.00,5250.0,231.30,68442.87,1.74
2022-07-01,2022,7,0,11150.00,5311.0,65.40,59791.3,1.25
2022-08-01,2022,8,0,11150.00,5471.0,115.70,25899.18,1.63
2022-09-01,2022,9,0,11300.00,5725.576110514018,198.40,12024.71,-0.49
2022-10-01,2022,10,0,11400.00,5724.0,403.90,16331.26,-0.53
2022-11-01,2022,11,0,11541.67,5773.0,505.60,16566.49,0.52
2022-12-01,2022,12,0,12150.00,6205.0,359.90,17947.11,1.43
2023-01-01,2023,1,0,12379.03,6391.0,215.30,46289.49,0.51
2023-02-01,2023,2,0,12953.57,6420.0,459.60,131607.51,0.71
2023-03-01,2023,3,0,13150.00,6188.0,321.80,78797.69,1.28
2023-04-01,2023,4,1,13160.00,6186.0,236.30,36281.4,0.29
2023-05-01,2023,5,0,13153.23,6244.0,110.20,37522.95,1.25
2023-06-01,2023,6,0,13150.00,6302.0,62.10,67120.17,0.06
2023-07-01,2023,7,0,13150.00,6369.0,63.80,50426.16,0.43
2023-08-01,2023,8,0,13240.32,6408.0,6.20,28890.97,-0.72
2023-09-01,2023,9,0,13565.00,7272.0,13.70,10919.48,0.60
2023-10-01,2023,10,0,13750.00,6674.0,40.80,14775.5,0.42
2023-11-01,2023,11,0,13835.00,7676.0,165.30,11982.5,1.32
2023-12-01,2023,12,0,13900.00,7701.0,154.50,19499.87,1.20
2024-01-01,2024,1,0,13980.65,7845.0,391.90,24930.09,-0.12
2024-02-01,2024,2,0,15158.62,8204.0,287.70,16033.08,1.17
2024-03-01,2024,3,0,15287.10,7968.0,303.90,54411.27,1.23
2024-04-01,2024,4,1,15150.00,7142.0,312.80,133258.44,-0.70
2024-05-01,2024,5,0,14883.87,6973.0,135.50,54914.94,-0.27
2024-06-01,2024,6,0,14000.00,7087.0,53.90,27408.85,-1.07
2024-07-01,2024,7,0,14000.00,7284.0,44.00,41861.47,-0.65
2024-08-01,2024,8,0,14000.00,7374.0,25.90,32500.22,-0.56
2024-09-01,2024,9,0,14000.00,7400.0,86.00,25680.71,-0.42
2024-10-01,2024,10,0,14000.00,7381.0,110.60,16247.31,0.33
2024-11-01,2024,11,0,13936.67,7320.0,384.40,17335.69,0.55
2024-12-01,2024,12,0,13900.00,7398.0,381.60,8249.7,1.35
2025-01-01,2025,1,0,13900.00,7577.0,266.60,35465.86,2.24
2025-02-01,2025,2,0,13900.00,7660.0,280.00,120952.63,0
2025-03-01,2025,3,1,14133.87,7720.0,262.80,90075.92,0.78
2025-04-01,2025,4,0,14150.00,7656.0,212.30,54072.56,-0.02
2025-05-01,2025,5,0,14150.00,7717.0,406.90,30314.74,-0.78
2025-06-01,2025,6,0,14191.67,7855.0,166.40,65598.6,0.62
2025-07-01,2025,7,0,14400.00,7778.0,66.20,43050.37,-0.19
2025-08-01,2025,8,0,14400.00,8042.0,128.80,38641.79,-0.90
2025-09-01,2025,9,0,14208.33,7958.0,159.90,14731.58,0.21
2025-10-01,2025,10,0,14150.00,7956.0,345.90,19535.08,0.53
2025-11-01,2025,11,0,14150.00,7869.0,408.90,19298.89,0.77
2025-12-01,2025,12,0,14150.00,7953.0,193.00,15772.08,1.66
2026-01-01,2026,1,0,14150.00,7980.0,331.20,34838.06,-1.54
2026-02-01,2026,2,0,14150.00,7954.0,304.00,134550.85,1.35
2026-03-01,2026,3,1,14150.00,7936.0,259.20,103530.81,1.05
2026-04-01,2026,4,0,14150.00,7937.0,248.00,46822.79,-0.19
2026-05-01,2026,5,0,14150.00,8039.0,134.90,38787.67,-0.21
