time,precipitation_sum (mm)
2018-01-01,2.90
2018-01-02,11.50
2018-01-03,2.20
2018-01-04,30.80
2018-01-05,36.30
2018-01-06,89.30
2018-01-07,3.40
2018-01-08,0.30
2018-01-09,10.10
2018-01-10,10.40
2018-01-11,2.70
2018-01-12,4.50
2018-01-13,8.00
2018-01-14,1.90
2018-01-15,1.40
2018-01-16,9.20
2018-01-17,9.80
2018-01-18,17.60
2018-01-19,23.80
2018-01-20,14.70
2018-01-21,19.60
2018-01-22,9.40
2018-01-23,9.30
2018-01-24,9.20
2018-01-25,24.10
2018-01-26,6.70
2018-01-27,7.70
2018-01-28,14.10
2018-01-29,21.80
2018-01-30,17.90
2018-01-31,4.00
2018-02-01,12.10
2018-02-02,14.50
2018-02-03,24.80
2018-02-04,7.90
2018-02-05,5.00
2018-02-06,1.30
2018-02-07,11.30
2018-02-08,18.80
2018-02-09,8.30
2018-02-10,1.70
2018-02-11,6.90
2018-02-12,11.60
2018-02-13,15.90
2018-02-14,11.60
2018-02-15,35.70
2018-02-16,8.50
2018-02-17,1.00
2018-02-18,2.40
2018-02-19,8.60
2018-02-20,2.90
2018-02-21,11.30
2018-02-22,6.50
2018-02-23,12.60
2018-02-24,14.30
2018-02-25,3.50
2018-02-26,6.50
2018-02-27,3.30
2018-02-28,2.30
2018-03-01,8.10
2018-03-02,9.20
2018-03-03,1.50
2018-03-04,5.60
2018-03-05,13.30
2018-03-06,5.00
2018-03-07,12.30
2018-03-08,10.30
2018-03-09,7.20
2018-03-10,10.40
2018-03-11,6.10
2018-03-12,2.70
2018-03-13,2.10
2018-03-14,0.60
2018-03-15,0.60
2018-03-16,4.20
2018-03-17,12.00
2018-03-18,8.70
2018-03-19,3.20
2018-03-20,0.00
2018-03-21,1.00
2018-03-22,2.60
2018-03-23,1.10
2018-03-24,6.90
2018-03-25,33.10
2018-03-26,0.70
2018-03-27,2.10
2018-03-28,2.50
2018-03-29,0.00
2018-03-30,1.80
2018-03-31,7.10
2018-04-01,1.00
2018-04-02,6.50
2018-04-03,1.90
2018-04-04,1.70
2018-04-05,4.70
2018-04-06,1.80
2018-04-07,7.90
2018-04-08,0.90
2018-04-09,2.10
2018-04-10,0.10
2018-04-11,4.70
2018-04-12,7.80
2018-04-13,6.70
2018-04-14,3.50
2018-04-15,4.00
2018-04-16,3.00
2018-04-17,17.40
2018-04-18,2.10
2018-04-19,2.20
2018-04-20,4.30
2018-04-21,6.10
2018-04-22,8.60
2018-04-23,5.60
2018-04-24,3.10
2018-04-25,1.60
2018-04-26,0.20
2018-04-27,0.00
2018-04-28,0.60
2018-04-29,0.10
2018-04-30,0.10
2018-05-01,0.00
2018-05-02,0.10
2018-05-03,0.00
2018-05-04,0.00
2018-05-05,0.00
2018-05-06,0.00
2018-05-07,0.00
2018-05-08,0.00
2018-05-09,0.10
2018-05-10,0.00
2018-05-11,0.10
2018-05-12,0.40
2018-05-13,0.00
2018-05-14,0.00
2018-05-15,3.30
2018-05-16,4.20
2018-05-17,6.20
2018-05-18,0.60
2018-05-19,7.00
2018-05-20,0.50
2018-05-21,4.50
2018-05-22,0.50
2018-05-23,5.00
2018-05-24,16.50
2018-05-25,3.80
2018-05-26,2.00
2018-05-27,0.00
2018-05-28,0.00
2018-05-29,0.00
2018-05-30,0.00
2018-05-31,0.00
2018-06-01,0.00
2018-06-02,0.00
2018-06-03,0.70
2018-06-04,0.20
2018-06-05,0.80
2018-06-06,0.10
2018-06-07,0.00
2018-06-08,0.30
2018-06-09,0.00
2018-06-10,0.20
2018-06-11,2.10
2018-06-12,2.10
2018-06-13,0.30
2018-06-14,0.10
2018-06-15,0.10
2018-06-16,0.00
2018-06-17,0.00
2018-06-18,0.00
2018-06-19,1.90
2018-06-20,4.10
2018-06-21,1.70
2018-06-22,2.80
2018-06-23,6.10
2018-06-24,1.60
2018-06-25,4.30
2018-06-26,0.10
2018-06-27,0.30
2018-06-28,0.40
2018-06-29,0.50
2018-06-30,0.20
2018-07-01,0.00
2018-07-02,0.00
2018-07-03,0.00
2018-07-04,3.30
2018-07-05,0.00
2018-07-06,0.00
2018-07-07,0.00
2018-07-08,0.20
2018-07-09,0.00
2018-07-10,0.00
2018-07-11,0.20
2018-07-12,0.20
2018-07-13,1.00
2018-07-14,1.00
2018-07-15,0.40
2018-07-16,0.00
2018-07-17,0.00
2018-07-18,0.00
2018-07-19,0.00
2018-07-20,0.00
2018-07-21,0.20
2018-07-22,0.00
2018-07-23,0.50
2018-07-24,0.00
2018-07-25,0.00
2018-07-26,0.00
2018-07-27,0.00
2018-07-28,0.70
2018-07-29,0.50
2018-07-30,0.00
2018-07-31,0.20
2018-08-01,0.90
2018-08-02,0.40
2018-08-03,0.70
2018-08-04,1.10
2018-08-05,0.90
2018-08-06,0.00
2018-08-07,0.00
2018-08-08,0.50
2018-08-09,0.20
2018-08-10,3.00
2018-08-11,0.30
2018-08-12,0.20
2018-08-13,0.30
2018-08-14,0.00
2018-08-15,0.10
2018-08-16,0.00
2018-08-17,0.10
2018-08-18,0.20
2018-08-19,0.00
2018-08-20,0.00
2018-08-21,0.90
2018-08-22,0.40
2018-08-23,0.60
2018-08-24,0.00
2018-08-25,0.00
2018-08-26,0.00
2018-08-27,0.30
2018-08-28,1.30
2018-08-29,1.80
2018-08-30,1.30
2018-08-31,2.40
2018-09-01,3.10
2018-09-02,0.50
2018-09-03,1.20
2018-09-04,0.30
2018-09-05,5.10
2018-09-06,2.60
2018-09-07,1.90
2018-09-08,0.80
2018-09-09,0.20
2018-09-10,0.30
2018-09-11,1.00
2018-09-12,4.20
2018-09-13,0.30
2018-09-14,0.80
2018-09-15,0.50
2018-09-16,1.70
2018-09-17,3.20
2018-09-18,4.40
2018-09-19,1.20
2018-09-20,0.40
2018-09-21,0.80
2018-09-22,0.00
2018-09-23,0.50
2018-09-24,0.30
2018-09-25,2.00
2018-09-26,0.70
2018-09-27,0.20
2018-09-28,0.00
2018-09-29,0.50
2018-09-30,1.10
2018-10-01,1.40
2018-10-02,0.00
2018-10-03,1.10
2018-10-04,0.00
2018-10-05,0.00
2018-10-06,0.40
2018-10-07,0.60
2018-10-08,0.00
2018-10-09,0.40
2018-10-10,0.30
2018-10-11,1.10
2018-10-12,0.50
2018-10-13,1.40
2018-10-14,0.60
2018-10-15,3.00
2018-10-16,1.00
2018-10-17,0.50
2018-10-18,1.20
2018-10-19,3.30
2018-10-20,2.70
2018-10-21,1.40
2018-10-22,3.20
2018-10-23,0.60
2018-10-24,0.90
2018-10-25,2.00
2018-10-26,1.90
2018-10-27,2.50
2018-10-28,2.20
2018-10-29,0.00
2018-10-30,2.30
2018-10-31,0.40
2018-11-01,2.10
2018-11-02,0.20
2018-11-03,5.30
2018-11-04,1.00
2018-11-05,4.10
2018-11-06,7.60
2018-11-07,49.40
2018-11-08,193.80
2018-11-09,9.80
2018-11-10,20.00
2018-11-11,13.40
2018-11-12,21.20
2018-11-13,10.80
2018-11-14,24.80
2018-11-15,7.20
2018-11-16,6.40
2018-11-17,4.70
2018-11-18,2.70
2018-11-19,0.20
2018-11-20,1.20
2018-11-21,1.50
2018-11-22,3.50
2018-11-23,2.80
2018-11-24,0.70
2018-11-25,6.50
2018-11-26,15.20
2018-11-27,13.50
2018-11-28,12.90
2018-11-29,12.20
2018-11-30,2.80
2018-12-01,0.20
2018-12-02,2.30
2018-12-03,16.50
2018-12-04,14.80
2018-12-05,23.10
2018-12-06,6.30
2018-12-07,15.70
2018-12-08,9.10
2018-12-09,8.30
2018-12-10,21.10
2018-12-11,6.10
2018-12-12,1.90
2018-12-13,0.50
2018-12-14,16.40
2018-12-15,9.90
2018-12-16,8.80
2018-12-17,1.80
2018-12-18,0.50
2018-12-19,4.60
2018-12-20,18.80
2018-12-21,1.80
2018-12-22,1.80
2018-12-23,4.90
2018-12-24,9.40
2018-12-25,19.40
2018-12-26,12.00
2018-12-27,3.30
2018-12-28,1.70
2018-12-29,5.30
2018-12-30,12.50
2018-12-31,12.20
2019-01-01,5.30
2019-01-02,19.40
2019-01-03,13.80
2019-01-04,12.20
2019-01-05,4.70
2019-01-06,4.20
2019-01-07,3.90
2019-01-08,3.20
2019-01-09,12.70
2019-01-10,2.20
2019-01-11,7.30
2019-01-12,2.70
2019-01-13,13.10
2019-01-14,13.50
2019-01-15,12.60
2019-01-16,51.70
2019-01-17,26.30
2019-01-18,41.30
2019-01-19,9.20
2019-01-20,16.40
2019-01-21,14.10
2019-01-22,18.00
2019-01-23,3.00
2019-01-24,12.90
2019-01-25,21.80
2019-01-26,8.00
2019-01-27,10.10
2019-01-28,17.80
2019-01-29,5.00
2019-01-30,15.60
2019-01-31,45.30
2019-02-01,4.30
2019-02-02,3.20
2019-02-03,8.30
2019-02-04,8.80
2019-02-05,8.40
2019-02-06,3.60
2019-02-07,4.40
2019-02-08,55.80
2019-02-09,2.90
2019-02-10,19.70
2019-02-11,5.90
2019-02-12,2.70
2019-02-13,2.50
2019-02-14,8.80
2019-02-15,13.20
2019-02-16,67.60
2019-02-17,17.80
2019-02-18,2.70
2019-02-19,13.70
2019-02-20,16.90
2019-02-21,6.10
2019-02-22,11.40
2019-02-23,7.60
2019-02-24,13.50
2019-02-25,16.80
2019-02-26,0.20
2019-02-27,5.90
2019-02-28,10.80
2019-03-01,9.90
2019-03-02,14.00
2019-03-03,15.00
2019-03-04,4.90
2019-03-05,9.40
2019-03-06,42.20
2019-03-07,49.80
2019-03-08,0.00
2019-03-09,1.30
2019-03-10,5.10
2019-03-11,1.00
2019-03-12,3.00
2019-03-13,6.20
2019-03-14,9.40
2019-03-15,26.30
2019-03-16,32.60
2019-03-17,66.00
2019-03-18,16.90
2019-03-19,20.00
2019-03-20,12.60
2019-03-21,8.20
2019-03-22,16.60
2019-03-23,12.60
2019-03-24,13.10
2019-03-25,5.40
2019-03-26,3.40
2019-03-27,3.50
2019-03-28,2.90
2019-03-29,0.00
2019-03-30,1.20
2019-03-31,10.90
2019-04-01,3.30
2019-04-02,3.20
2019-04-03,6.00
2019-04-04,19.90
2019-04-05,31.50
2019-04-06,12.20
2019-04-07,4.30
2019-04-08,3.70
2019-04-09,1.10
2019-04-10,1.10
2019-04-11,4.80
2019-04-12,7.10
2019-04-13,7.20
2019-04-14,7.40
2019-04-15,15.30
2019-04-16,23.60
2019-04-17,6.50
2019-04-18,3.00
2019-04-19,3.30
2019-04-20,1.60
2019-04-21,0.50
2019-04-22,0.00
2019-04-23,2.10
2019-04-24,2.90
2019-04-25,0.80
2019-04-26,1.70
2019-04-27,2.20
2019-04-28,20.30
2019-04-29,14.50
2019-04-30,3.60
2019-05-01,4.90
2019-05-02,9.10
2019-05-03,1.60
2019-05-04,1.30
2019-05-05,2.90
2019-05-06,3.10
2019-05-07,4.40
2019-05-08,1.00
2019-05-09,2.80
2019-05-10,1.40
2019-05-11,0.30
2019-05-12,1.00
2019-05-13,1.00
2019-05-14,0.40
2019-05-15,1.30
2019-05-16,1.00
2019-05-17,0.00
2019-05-18,0.20
2019-05-19,0.50
2019-05-20,1.50
2019-05-21,0.10
2019-05-22,0.00
2019-05-23,1.70
2019-05-24,0.10
2019-05-25,0.50
2019-05-26,0.50
2019-05-27,2.10
2019-05-28,1.10
2019-05-29,1.50
2019-05-30,0.00
2019-05-31,0.00
2019-06-01,0.00
2019-06-02,0.30
2019-06-03,0.00
2019-06-04,0.90
2019-06-05,0.30
2019-06-06,0.20
2019-06-07,0.60
2019-06-08,0.00
2019-06-09,0.90
2019-06-10,0.00
2019-06-11,1.00
2019-06-12,0.00
2019-06-13,0.20
2019-06-14,0.90
2019-06-15,0.50
2019-06-16,0.00
2019-06-17,0.00
2019-06-18,0.00
2019-06-19,0.40
2019-06-20,0.00
2019-06-21,0.00
2019-06-22,0.00
2019-06-23,0.00
2019-06-24,0.00
2019-06-25,0.00
2019-06-26,0.00
2019-06-27,0.20
2019-06-28,0.00
2019-06-29,0.00
2019-06-30,0.00
2019-07-01,0.00
2019-07-02,0.00
2019-07-03,0.10
2019-07-04,1.20
2019-07-05,1.70
2019-07-06,0.40
2019-07-07,0.00
2019-07-08,0.00
2019-07-09,0.00
2019-07-10,0.00
2019-07-11,0.00
2019-07-12,0.00
2019-07-13,0.00
2019-07-14,0.00
2019-07-15,0.00
2019-07-16,0.00
2019-07-17,0.00
2019-07-18,0.00
2019-07-19,0.80
2019-07-20,1.90
2019-07-21,0.00
2019-07-22,0.00
2019-07-23,0.30
2019-07-24,0.20
2019-07-25,0.00
2019-07-26,0.00
2019-07-27,0.00
2019-07-28,0.00
2019-07-29,0.00
2019-07-30,0.50
2019-07-31,0.30
2019-08-01,0.00
2019-08-02,0.00
2019-08-03,0.00
2019-08-04,0.00
2019-08-05,0.00
2019-08-06,0.00
2019-08-07,0.10
2019-08-08,0.50
2019-08-09,0.00
2019-08-10,0.00
2019-08-11,0.00
2019-08-12,0.00
2019-08-13,0.20
2019-08-14,0.00
2019-08-15,1.90
2019-08-16,0.00
2019-08-17,0.00
2019-08-18,0.00
2019-08-19,0.10
2019-08-20,0.00
2019-08-21,0.00
2019-08-22,0.80
2019-08-23,0.00
2019-08-24,0.10
2019-08-25,0.60
2019-08-26,0.70
2019-08-27,0.00
2019-08-28,0.00
2019-08-29,0.00
2019-08-30,0.00
2019-08-31,0.00
2019-09-01,0.00
2019-09-02,0.00
2019-09-03,0.00
2019-09-04,0.00
2019-09-05,0.00
2019-09-06,0.10
2019-09-07,0.60
2019-09-08,0.70
2019-09-09,0.00
2019-09-10,0.20
2019-09-11,0.00
2019-09-12,0.00
2019-09-13,0.00
2019-09-14,0.00
2019-09-15,0.00
2019-09-16,0.10
2019-09-17,0.00
2019-09-18,0.00
2019-09-19,0.00
2019-09-20,0.00
2019-09-21,0.20
2019-09-22,0.00
2019-09-23,0.00
2019-09-24,0.70
2019-09-25,0.00
2019-09-26,0.30
2019-09-27,0.00
2019-09-28,0.10
2019-09-29,0.20
2019-09-30,0.10
2019-10-01,0.00
2019-10-02,0.60
2019-10-03,3.50
2019-10-04,0.50
2019-10-05,0.10
2019-10-06,3.20
2019-10-07,0.60
2019-10-08,0.20
2019-10-09,0.70
2019-10-10,2.40
2019-10-11,0.20
2019-10-12,0.30
2019-10-13,0.50
2019-10-14,0.80
2019-10-15,3.00
2019-10-16,0.20
2019-10-17,0.40
2019-10-18,0.20
2019-10-19,1.10
2019-10-20,0.80
2019-10-21,0.10
2019-10-22,0.00
2019-10-23,1.00
2019-10-24,0.00
2019-10-25,0.30
2019-10-26,1.90
2019-10-27,1.10
2019-10-28,3.40
2019-10-29,2.80
2019-10-30,0.60
2019-10-31,4.50
2019-11-01,14.20
2019-11-02,15.10
2019-11-03,3.80
2019-11-04,0.40
2019-11-05,1.10
2019-11-06,0.00
2019-11-07,0.00
2019-11-08,0.00
2019-11-09,0.00
2019-11-10,3.50
2019-11-11,3.20
2019-11-12,4.00
2019-11-13,25.70
2019-11-14,9.20
2019-11-15,1.00
2019-11-16,0.40
2019-11-17,1.00
2019-11-18,2.60
2019-11-19,2.90
2019-11-20,2.60
2019-11-21,3.00
2019-11-22,2.50
2019-11-23,3.30
2019-11-24,5.80
2019-11-25,5.90
2019-11-26,0.10
2019-11-27,0.50
2019-11-28,1.70
2019-11-29,1.30
2019-11-30,8.30
2019-12-01,8.60
2019-12-02,5.90
2019-12-03,2.50
2019-12-04,2.50
2019-12-05,3.70
2019-12-06,12.40
2019-12-07,45.90
2019-12-08,11.20
2019-12-09,10.90
2019-12-10,9.60
2019-12-11,6.20
2019-12-12,2.50
2019-12-13,9.20
2019-12-14,14.40
2019-12-15,10.20
2019-12-16,9.80
2019-12-17,23.90
2019-12-18,10.90
2019-12-19,13.50
2019-12-20,2.30
2019-12-21,1.40
2019-12-22,1.70
2019-12-23,12.00
2019-12-24,2.50
2019-12-25,28.60
2019-12-26,1.10
2019-12-27,9.90
2019-12-28,11.80
2019-12-29,10.50
2019-12-30,7.70
2019-12-31,8.00
2020-01-01,18.00
2020-01-02,6.60
2020-01-03,4.60
2020-01-04,10.60
2020-01-05,20.60
2020-01-06,10.70
2020-01-07,28.10
2020-01-08,6.90
2020-01-09,7.20
2020-01-10,7.80
2020-01-11,10.90
2020-01-12,6.90
2020-01-13,1.00
2020-01-14,2.10
2020-01-15,6.00
2020-01-16,1.90
2020-01-17,0.20
2020-01-18,0.00
2020-01-19,1.10
2020-01-20,0.40
2020-01-21,2.10
2020-01-22,7.40
2020-01-23,9.10
2020-01-24,4.20
2020-01-25,13.20
2020-01-26,15.80
2020-01-27,1.60
2020-01-28,10.80
2020-01-29,4.50
2020-01-30,15.20
2020-01-31,4.20
2020-02-01,5.90
2020-02-02,8.80
2020-02-03,2.90
2020-02-04,9.90
2020-02-05,4.30
2020-02-06,4.30
2020-02-07,18.00
2020-02-08,5.90
2020-02-09,14.70
2020-02-10,5.30
2020-02-11,7.90
2020-02-12,6.10
2020-02-13,4.90
2020-02-14,22.40
2020-02-15,13.80
2020-02-16,3.80
2020-02-17,7.20
2020-02-18,10.20
2020-02-19,9.30
2020-02-20,15.10
2020-02-21,14.50
2020-02-22,3.40
2020-02-23,6.80
2020-02-24,9.60
2020-02-25,16.70
2020-02-26,17.60
2020-02-27,26.30
2020-02-28,15.60
2020-02-29,10.90
2020-03-01,25.80
2020-03-02,20.00
2020-03-03,16.00
2020-03-04,18.60
2020-03-05,45.20
2020-03-06,4.00
2020-03-07,12.90
2020-03-08,18.20
2020-03-09,16.50
2020-03-10,3.60
2020-03-11,27.90
2020-03-12,3.50
2020-03-13,7.10
2020-03-14,5.20
2020-03-15,13.20
2020-03-16,2.50
2020-03-17,7.20
2020-03-18,11.50
2020-03-19,16.70
2020-03-20,136.70
2020-03-21,9.20
2020-03-22,14.50
2020-03-23,20.40
2020-03-24,13.60
2020-03-25,5.20
2020-03-26,1.50
2020-03-27,6.20
2020-03-28,6.00
2020-03-29,30.20
2020-03-30,16.40
2020-03-31,12.60
2020-04-01,5.20
2020-04-02,14.50
2020-04-03,9.10
2020-04-04,14.40
2020-04-05,6.60
2020-04-06,38.70
2020-04-07,5.60
2020-04-08,6.50
2020-04-09,8.00
2020-04-10,11.10
2020-04-11,8.80
2020-04-12,2.70
2020-04-13,0.20
2020-04-14,2.10
2020-04-15,3.10
2020-04-16,4.70
2020-04-17,14.50
2020-04-18,7.10
2020-04-19,2.60
2020-04-20,5.10
2020-04-21,8.90
2020-04-22,0.90
2020-04-23,3.60
2020-04-24,2.10
2020-04-25,7.30
2020-04-26,1.10
2020-04-27,10.70
2020-04-28,3.50
2020-04-29,0.90
2020-04-30,1.20
2020-05-01,0.80
2020-05-02,0.80
2020-05-03,0.50
2020-05-04,0.70
2020-05-05,5.30
2020-05-06,3.00
2020-05-07,1.00
2020-05-08,7.40
2020-05-09,12.40
2020-05-10,7.50
2020-05-11,7.10
2020-05-12,0.70
2020-05-13,0.00
2020-05-14,1.10
2020-05-15,1.50
2020-05-16,2.30
2020-05-17,6.30
2020-05-18,17.70
2020-05-19,14.10
2020-05-20,3.00
2020-05-21,0.00
2020-05-22,0.60
2020-05-23,0.00
2020-05-24,0.00
2020-05-25,5.60
2020-05-26,10.20
2020-05-27,15.70
2020-05-28,13.00
2020-05-29,2.10
2020-05-30,6.90
2020-05-31,40.00
2020-06-01,4.00
2020-06-02,9.00
2020-06-03,0.00
2020-06-04,1.00
2020-06-05,0.70
2020-06-06,5.60
2020-06-07,7.00
2020-06-08,5.50
2020-06-09,1.20
2020-06-10,0.10
2020-06-11,0.30
2020-06-12,0.00
2020-06-13,0.00
2020-06-14,8.20
2020-06-15,8.60
2020-06-16,0.40
2020-06-17,2.00
2020-06-18,1.20
2020-06-19,0.90
2020-06-20,0.90
2020-06-21,7.90
2020-06-22,7.00
2020-06-23,0.00
2020-06-24,0.70
2020-06-25,0.00
2020-06-26,0.20
2020-06-27,0.00
2020-06-28,0.10
2020-06-29,0.30
2020-06-30,0.10
2020-07-01,1.20
2020-07-02,1.80
2020-07-03,0.00
2020-07-04,0.00
2020-07-05,0.70
2020-07-06,3.10
2020-07-07,0.20
2020-07-08,0.60
2020-07-09,0.30
2020-07-10,2.50
2020-07-11,0.10
2020-07-12,1.00
2020-07-13,0.00
2020-07-14,1.50
2020-07-15,3.10
2020-07-16,0.50
2020-07-17,0.10
2020-07-18,0.30
2020-07-19,1.00
2020-07-20,0.80
2020-07-21,2.30
2020-07-22,0.80
2020-07-23,0.00
2020-07-24,0.00
2020-07-25,0.00
2020-07-26,0.00
2020-07-27,0.00
2020-07-28,0.20
2020-07-29,0.70
2020-07-30,0.00
2020-07-31,0.20
2020-08-01,0.00
2020-08-02,0.00
2020-08-03,0.00
2020-08-04,0.00
2020-08-05,0.20
2020-08-06,0.00
2020-08-07,0.00
2020-08-08,0.00
2020-08-09,0.00
2020-08-10,0.20
2020-08-11,11.60
2020-08-12,5.60
2020-08-13,5.90
2020-08-14,4.50
2020-08-15,6.10
2020-08-16,3.60
2020-08-17,0.40
2020-08-18,0.00
2020-08-19,0.00
2020-08-20,1.00
2020-08-21,0.00
2020-08-22,0.50
2020-08-23,0.30
2020-08-24,0.60
2020-08-25,0.00
2020-08-26,0.00
2020-08-27,0.00
2020-08-28,2.40
2020-08-29,0.20
2020-08-30,0.30
2020-08-31,0.00
2020-09-01,1.50
2020-09-02,4.00
2020-09-03,1.30
2020-09-04,10.00
2020-09-05,0.20
2020-09-06,1.70
2020-09-07,3.50
2020-09-08,0.80
2020-09-09,0.30
2020-09-10,1.70
2020-09-11,2.10
2020-09-12,0.10
2020-09-13,1.50
2020-09-14,0.60
2020-09-15,0.00
2020-09-16,1.10
2020-09-17,1.50
2020-09-18,2.10
2020-09-19,0.70
2020-09-20,0.70
2020-09-21,6.70
2020-09-22,8.10
2020-09-23,0.60
2020-09-24,2.90
2020-09-25,1.40
2020-09-26,3.00
2020-09-27,1.70
2020-09-28,3.60
2020-09-29,1.40
2020-09-30,3.40
2020-10-01,2.80
2020-10-02,2.00
2020-10-03,4.80
2020-10-04,6.50
2020-10-05,4.50
2020-10-06,3.20
2020-10-07,0.00
2020-10-08,2.30
2020-10-09,1.20
2020-10-10,7.80
2020-10-11,14.40
2020-10-12,2.60
2020-10-13,4.00
2020-10-14,0.50
2020-10-15,5.10
2020-10-16,5.50
2020-10-17,1.20
2020-10-18,2.40
2020-10-19,9.70
2020-10-20,6.00
2020-10-21,37.90
2020-10-22,12.60
2020-10-23,15.70
2020-10-24,6.80
2020-10-25,17.10
2020-10-26,12.10
2020-10-27,21.20
2020-10-28,7.00
2020-10-29,5.20
2020-10-30,11.40
2020-10-31,15.00
2020-11-01,16.20
2020-11-02,24.20
2020-11-03,2.90
2020-11-04,4.90
2020-11-05,147.10
2020-11-06,4.30
2020-11-07,1.10
2020-11-08,2.70
2020-11-09,4.50
2020-11-10,2.10
2020-11-11,4.30
2020-11-12,5.20
2020-11-13,6.90
2020-11-14,12.20
2020-11-15,7.00
2020-11-16,4.80
2020-11-17,4.80
2020-11-18,14.30
2020-11-19,15.80
2020-11-20,19.50
2020-11-21,19.50
2020-11-22,11.80
2020-11-23,16.50
2020-11-24,4.30
2020-11-25,6.80
2020-11-26,1.70
2020-11-27,3.70
2020-11-28,8.30
2020-11-29,60.40
2020-11-30,14.20
2020-12-01,7.70
2020-12-02,23.10
2020-12-03,5.40
2020-12-04,7.30
2020-12-05,27.30
2020-12-06,8.40
2020-12-07,12.20
2020-12-08,8.30
2020-12-09,6.50
2020-12-10,8.20
2020-12-11,12.60
2020-12-12,63.10
2020-12-13,20.50
2020-12-14,36.90
2020-12-15,9.80
2020-12-16,6.10
2020-12-17,19.70
2020-12-18,14.90
2020-12-19,4.20
2020-12-20,2.50
2020-12-21,2.50
2020-12-22,3.50
2020-12-23,4.20
2020-12-24,0.70
2020-12-25,4.00
2020-12-26,19.90
2020-12-27,6.70
2020-12-28,16.10
2020-12-29,10.30
2020-12-30,13.70
2020-12-31,13.50
2021-01-01,25.40
2021-01-02,15.90
2021-01-03,18.30
2021-01-04,12.60
2021-01-05,23.10
2021-01-06,8.40
2021-01-07,5.80
2021-01-08,6.40
2021-01-09,12.20
2021-01-10,33.30
2021-01-11,18.40
2021-01-12,5.70
2021-01-13,5.80
2021-01-14,8.50
2021-01-15,0.70
2021-01-16,5.50
2021-01-17,2.60
2021-01-18,18.00
2021-01-19,7.70
2021-01-20,2.30
2021-01-21,11.90
2021-01-22,6.00
2021-01-23,1.90
2021-01-24,6.30
2021-01-25,0.50
2021-01-26,17.40
2021-01-27,19.60
2021-01-28,12.60
2021-01-29,11.70
2021-01-30,11.40
2021-01-31,22.60
2021-02-01,1.40
2021-02-02,12.30
2021-02-03,11.90
2021-02-04,14.60
2021-02-05,8.90
2021-02-06,7.30
2021-02-07,13.50
2021-02-08,20.90
2021-02-09,19.50
2021-02-10,55.80
2021-02-11,4.90
2021-02-12,15.00
2021-02-13,81.10
2021-02-14,4.30
2021-02-15,4.00
2021-02-16,13.00
2021-02-17,73.80
2021-02-18,13.20
2021-02-19,21.50
2021-02-20,17.10
2021-02-21,1.60
2021-02-22,2.90
2021-02-23,10.80
2021-02-24,21.60
2021-02-25,3.20
2021-02-26,14.80
2021-02-27,15.30
2021-02-28,2.10
2021-03-01,0.30
2021-03-02,5.80
2021-03-03,26.40
2021-03-04,4.70
2021-03-05,0.60
2021-03-06,6.90
2021-03-07,12.20
2021-03-08,3.00
2021-03-09,0.70
2021-03-10,11.30
2021-03-11,9.40
2021-03-12,8.90
2021-03-13,2.70
2021-03-14,11.00
2021-03-15,1.40
2021-03-16,5.30
2021-03-17,3.10
2021-03-18,3.70
2021-03-19,4.90
2021-03-20,9.10
2021-03-21,2.20
2021-03-22,2.80
2021-03-23,2.00
2021-03-24,2.50
2021-03-25,5.50
2021-03-26,5.00
2021-03-27,11.80
2021-03-28,11.00
2021-03-29,14.60
2021-03-30,8.60
2021-03-31,9.20
2021-04-01,33.50
2021-04-02,5.40
2021-04-03,9.60
2021-04-04,14.80
2021-04-05,9.00
2021-04-06,14.10
2021-04-07,7.60
2021-04-08,3.50
2021-04-09,7.00
2021-04-10,6.60
2021-04-11,11.70
2021-04-12,1.10
2021-04-13,3.90
2021-04-14,7.90
2021-04-15,4.20
2021-04-16,1.30
2021-04-17,1.80
2021-04-18,3.70
2021-04-19,0.70
2021-04-20,0.10
2021-04-21,0.40
2021-04-22,0.80
2021-04-23,1.00
2021-04-24,0.90
2021-04-25,4.60
2021-04-26,1.40
2021-04-27,0.10
2021-04-28,2.80
2021-04-29,1.20
2021-04-30,7.30
2021-05-01,1.80
2021-05-02,3.20
2021-05-03,0.60
2021-05-04,1.10
2021-05-05,2.80
2021-05-06,3.70
2021-05-07,4.20
2021-05-08,1.90
2021-05-09,0.00
2021-05-10,0.00
2021-05-11,0.10
2021-05-12,0.70
2021-05-13,0.60
2021-05-14,1.90
2021-05-15,1.30
2021-05-16,0.90
2021-05-17,4.60
2021-05-18,2.90
2021-05-19,2.60
2021-05-20,2.80
2021-05-21,1.40
2021-05-22,2.70
2021-05-23,3.70
2021-05-24,3.30
2021-05-25,7.70
2021-05-26,0.70
2021-05-27,0.20
2021-05-28,4.60
2021-05-29,11.10
2021-05-30,0.30
2021-05-31,1.00
2021-06-01,2.00
2021-06-02,1.80
2021-06-03,0.20
2021-06-04,0.00
2021-06-05,0.30
2021-06-06,3.20
2021-06-07,1.40
2021-06-08,2.60
2021-06-09,3.50
2021-06-10,2.80
2021-06-11,11.10
2021-06-12,5.50
2021-06-13,0.20
2021-06-14,1.60
2021-06-15,3.50
2021-06-16,88.30
2021-06-17,88.30
2021-06-18,6.30
2021-06-19,15.30
2021-06-20,6.50
2021-06-21,12.60
2021-06-22,7.20
2021-06-23,10.60
2021-06-24,6.50
2021-06-25,8.10
2021-06-26,7.40
2021-06-27,8.60
2021-06-28,10.60
2021-06-29,8.90
2021-06-30,2.90
2021-07-01,2.70
2021-07-02,0.00
2021-07-03,0.60
2021-07-04,0.60
2021-07-05,0.10
2021-07-06,0.00
2021-07-07,0.00
2021-07-08,0.00
2021-07-09,5.40
2021-07-10,7.20
2021-07-11,0.00
2021-07-12,0.30
2021-07-13,2.00
2021-07-14,1.20
2021-07-15,0.10
2021-07-16,0.00
2021-07-17,0.80
2021-07-18,0.00
2021-07-19,1.00
2021-07-20,1.20
2021-07-21,0.60
2021-07-22,0.00
2021-07-23,2.50
2021-07-24,0.00
2021-07-25,0.00
2021-07-26,0.00
2021-07-27,0.00
2021-07-28,0.00
2021-07-29,0.20
2021-07-30,1.40
2021-07-31,2.80
2021-08-01,3.00
2021-08-02,2.80
2021-08-03,2.80
2021-08-04,3.90
2021-08-05,3.80
2021-08-06,0.60
2021-08-07,0.90
2021-08-08,1.00
2021-08-09,2.90
2021-08-10,1.00
2021-08-11,0.00
2021-08-12,3.40
2021-08-13,4.80
2021-08-14,1.70
2021-08-15,0.00
2021-08-16,0.00
2021-08-17,0.60
2021-08-18,1.70
2021-08-19,1.00
2021-08-20,1.00
2021-08-21,4.30
2021-08-22,0.20
2021-08-23,0.10
2021-08-24,0.40
2021-08-25,1.70
2021-08-26,0.20
2021-08-27,0.70
2021-08-28,2.30
2021-08-29,1.20
2021-08-30,0.80
2021-08-31,1.40
2021-09-01,0.00
2021-09-02,1.40
2021-09-03,2.50
2021-09-04,3.90
2021-09-05,0.00
2021-09-06,2.80
2021-09-07,1.30
2021-09-08,1.20
2021-09-09,0.60
2021-09-10,2.60
2021-09-11,1.80
2021-09-12,8.90
2021-09-13,1.30
2021-09-14,29.90
2021-09-15,4.80
2021-09-16,4.20
2021-09-17,2.00
2021-09-18,2.00
2021-09-19,1.00
2021-09-20,3.60
2021-09-21,25.30
2021-09-22,2.30
2021-09-23,9.90
2021-09-24,3.60
2021-09-25,3.00
2021-09-26,3.70
2021-09-27,0.00
2021-09-28,0.20
2021-09-29,0.80
2021-09-30,0.70
2021-10-01,2.60
2021-10-02,0.80
2021-10-03,1.00
2021-10-04,0.10
2021-10-05,2.60
2021-10-06,2.00
2021-10-07,0.00
2021-10-08,2.80
2021-10-09,2.30
2021-10-10,2.60
2021-10-11,2.80
2021-10-12,0.70
2021-10-13,0.00
2021-10-14,0.50
2021-10-15,1.20
2021-10-16,0.70
2021-10-17,1.10
2021-10-18,21.20
2021-10-19,5.00
2021-10-20,3.50
2021-10-21,7.20
2021-10-22,12.10
2021-10-23,1.10
2021-10-24,1.10
2021-10-25,1.60
2021-10-26,5.90
2021-10-27,25.20
2021-10-28,17.50
2021-10-29,28.20
2021-10-30,9.10
2021-10-31,11.10
2021-11-01,37.20
2021-11-02,7.10
2021-11-03,31.30
2021-11-04,19.30
2021-11-05,15.80
2021-11-06,15.30
2021-11-07,32.30
2021-11-08,7.10
2021-11-09,9.10
2021-11-10,13.50
2021-11-11,43.10
2021-11-12,14.10
2021-11-13,10.50
2021-11-14,17.20
2021-11-15,14.30
2021-11-16,13.30
2021-11-17,15.30
2021-11-18,14.60
2021-11-19,55.80
2021-11-20,16.10
2021-11-21,1.30
2021-11-22,27.40
2021-11-23,13.00
2021-11-24,0.60
2021-11-25,1.20
2021-11-26,19.00
2021-11-27,15.30
2021-11-28,13.90
2021-11-29,0.40
2021-11-30,14.60
2021-12-01,14.10
2021-12-02,1.10
2021-12-03,4.80
2021-12-04,18.20
2021-12-05,12.40
2021-12-06,4.70
2021-12-07,6.80
2021-12-08,7.60
2021-12-09,6.20
2021-12-10,3.70
2021-12-11,1.60
2021-12-12,2.20
2021-12-13,0.00
2021-12-14,3.30
2021-12-15,7.40
2021-12-16,14.50
2021-12-17,31.50
2021-12-18,10.80
2021-12-19,38.30
2021-12-20,13.30
2021-12-21,4.30
2021-12-22,5.70
2021-12-23,42.30
2021-12-24,4.60
2021-12-25,15.40
2021-12-26,1.60
2021-12-27,20.90
2021-12-28,1.70
2021-12-29,4.40
2021-12-30,5.50
2021-12-31,5.30
2022-01-01,7.50
2022-01-02,3.00
2022-01-03,0.10
2022-01-04,0.60
2022-01-05,0.80
2022-01-06,0.90
2022-01-07,2.20
2022-01-08,6.30
2022-01-09,17.30
2022-01-10,17.10
2022-01-11,20.70
2022-01-12,18.10
2022-01-13,12.20
2022-01-14,0.80
2022-01-15,9.10
2022-01-16,5.30
2022-01-17,6.10
2022-01-18,9.50
2022-01-19,8.60
2022-01-20,74.90
2022-01-21,11.80
2022-01-22,2.70
2022-01-23,3.10
2022-01-24,1.80
2022-01-25,3.60
2022-01-26,15.90
2022-01-27,4.00
2022-01-28,3.70
2022-01-29,2.00
2022-01-30,2.90
2022-01-31,6.70
2022-02-01,0.90
2022-02-02,3.30
2022-02-03,7.30
2022-02-04,1.90
2022-02-05,35.00
2022-02-06,4.40
2022-02-07,4.10
2022-02-08,12.70
2022-02-09,10.60
2022-02-10,2.60
2022-02-11,0.40
2022-02-12,14.50
2022-02-13,11.60
2022-02-14,10.10
2022-02-15,12.30
2022-02-16,11.70
2022-02-17,6.70
2022-02-18,16.20
2022-02-19,18.80
2022-02-20,0.00
2022-02-21,0.60
2022-02-22,10.90
2022-02-23,3.80
2022-02-24,2.00
2022-02-25,18.70
2022-02-26,24.60
2022-02-27,11.30
2022-02-28,23.10
2022-03-01,6.00
2022-03-02,10.90
2022-03-03,6.70
2022-03-04,7.40
2022-03-05,23.60
2022-03-06,7.20
2022-03-07,9.30
2022-03-08,12.70
2022-03-09,10.30
2022-03-10,18.20
2022-03-11,14.90
2022-03-12,9.00
2022-03-13,9.80
2022-03-14,32.60
2022-03-15,27.90
2022-03-16,16.10
2022-03-17,6.40
2022-03-18,13.80
2022-03-19,8.00
2022-03-20,4.90
2022-03-21,5.20
2022-03-22,4.80
2022-03-23,18.10
2022-03-24,9.20
2022-03-25,1.30
2022-03-26,13.70
2022-03-27,1.30
2022-03-28,8.60
2022-03-29,3.70
2022-03-30,4.70
2022-03-31,19.10
2022-04-01,21.60
2022-04-02,12.40
2022-04-03,10.40
2022-04-04,5.70
2022-04-05,7.40
2022-04-06,7.70
2022-04-07,21.20
2022-04-08,7.70
2022-04-09,4.20
2022-04-10,22.60
2022-04-11,18.00
2022-04-12,0.50
2022-04-13,4.30
2022-04-14,5.70
2022-04-15,1.20
2022-04-16,5.50
2022-04-17,14.50
2022-04-18,27.00
2022-04-19,20.00
2022-04-20,15.00
2022-04-21,10.10
2022-04-22,2.20
2022-04-23,7.90
2022-04-24,14.60
2022-04-25,17.40
2022-04-26,34.20
2022-04-27,9.20
2022-04-28,20.00
2022-04-29,2.90
2022-04-30,6.40
2022-05-01,5.30
2022-05-02,15.10
2022-05-03,4.40
2022-05-04,4.50
2022-05-05,2.00
2022-05-06,9.00
2022-05-07,24.90
2022-05-08,11.80
2022-05-09,6.50
2022-05-10,9.40
2022-05-11,4.70
2022-05-12,21.10
2022-05-13,3.50
2022-05-14,5.10
2022-05-15,9.10
2022-05-16,2.70
2022-05-17,0.70
2022-05-18,13.00
2022-05-19,15.40
2022-05-20,19.40
2022-05-21,7.70
2022-05-22,0.30
2022-05-23,0.00
2022-05-24,1.70
2022-05-25,0.40
2022-05-26,16.90
2022-05-27,1.30
2022-05-28,17.70
2022-05-29,3.30
2022-05-30,2.50
2022-05-31,13.00
2022-06-01,7.80
2022-06-02,14.50
2022-06-03,5.90
2022-06-04,10.40
2022-06-05,16.40
2022-06-06,14.60
2022-06-07,0.60
2022-06-08,14.90
2022-06-09,10.10
2022-06-10,0.90
2022-06-11,25.20
2022-06-12,6.50
2022-06-13,4.30
2022-06-14,14.10
2022-06-15,3.60
2022-06-16,15.90
2022-06-17,3.90
2022-06-18,16.60
2022-06-19,9.00
2022-06-20,3.90
2022-06-21,0.00
2022-06-22,0.50
2022-06-23,3.40
2022-06-24,2.10
2022-06-25,6.10
2022-06-26,18.60
2022-06-27,0.50
2022-06-28,0.00
2022-06-29,0.00
2022-06-30,1.00
2022-07-01,1.20
2022-07-02,4.80
2022-07-03,4.50
2022-07-04,0.10
2022-07-05,3.00
2022-07-06,12.00
2022-07-07,0.10
2022-07-08,2.40
2022-07-09,2.20
2022-07-10,1.00
2022-07-11,0.30
2022-07-12,7.00
2022-07-13,4.20
2022-07-14,4.80
2022-07-15,5.70
2022-07-16,4.10
2022-07-17,0.10
2022-07-18,2.90
2022-07-19,0.30
2022-07-20,0.20
2022-07-21,0.50
2022-07-22,1.50
2022-07-23,2.10
2022-07-24,0.00
2022-07-25,0.00
2022-07-26,0.00
2022-07-27,0.10
2022-07-28,0.30
2022-07-29,0.00
2022-07-30,0.00
2022-07-31,0.00
2022-08-01,0.10
2022-08-02,3.50
2022-08-03,3.90
2022-08-04,0.10
2022-08-05,0.20
2022-08-06,3.90
2022-08-07,1.40
2022-08-08,0.60
2022-08-09,0.80
2022-08-10,2.40
2022-08-11,6.00
2022-08-12,9.20
2022-08-13,13.00
2022-08-14,19.10
2022-08-15,18.10
2022-08-16,3.10
2022-08-17,0.20
2022-08-18,2.40
2022-08-19,1.50
2022-08-20,0.00
2022-08-21,2.30
2022-08-22,1.20
2022-08-23,0.10
2022-08-24,0.00
2022-08-25,0.10
2022-08-26,11.20
2022-08-27,1.00
2022-08-28,0.20
2022-08-29,0.10
2022-08-30,0.40
2022-08-31,9.60
2022-09-01,3.70
2022-09-02,1.40
2022-09-03,1.10
2022-09-04,0.30
2022-09-05,0.00
2022-09-06,0.50
2022-09-07,22.90
2022-09-08,12.80
2022-09-09,28.90
2022-09-10,32.00
2022-09-11,9.00
2022-09-12,3.30
2022-09-13,1.90
2022-09-14,0.20
2022-09-15,2.10
2022-09-16,3.20
2022-09-17,0.50
2022-09-18,1.60
2022-09-19,2.00
2022-09-20,3.80
2022-09-21,1.80
2022-09-22,10.20
2022-09-23,14.80
2022-09-24,2.70
2022-09-25,1.40
2022-09-26,3.10
2022-09-27,0.40
2022-09-28,0.50
2022-09-29,1.10
2022-09-30,31.20
2022-10-01,21.40
2022-10-02,20.80
2022-10-03,14.70
2022-10-04,2.90
2022-10-05,1.80
2022-10-06,6.40
2022-10-07,17.40
2022-10-08,19.50
2022-10-09,8.00
2022-10-10,16.30
2022-10-11,12.90
2022-10-12,8.30
2022-10-13,8.80
2022-10-14,2.90
2022-10-15,3.00
2022-10-16,3.10
2022-10-17,9.00
2022-10-18,2.90
2022-10-19,19.90
2022-10-20,46.60
2022-10-21,49.60
2022-10-22,1.10
2022-10-23,14.10
2022-10-24,11.80
2022-10-25,17.70
2022-10-26,56.10
2022-10-27,3.10
2022-10-28,0.00
2022-10-29,0.80
2022-10-30,2.10
2022-10-31,0.90
2022-11-01,10.50
2022-11-02,23.30
2022-11-03,25.10
2022-11-04,15.40
2022-11-05,11.60
2022-11-06,27.80
2022-11-07,28.50
2022-11-08,29.60
2022-11-09,10.90
2022-11-10,10.30
2022-11-11,11.80
2022-11-12,14.70
2022-11-13,17.30
2022-11-14,22.50
2022-11-15,26.90
2022-11-16,23.00
2022-11-17,18.10
2022-11-18,10.70
2022-11-19,22.50
2022-11-20,4.00
2022-11-21,4.00
2022-11-22,4.50
2022-11-23,3.10
2022-11-24,19.20
2022-11-25,50.70
2022-11-26,16.10
2022-11-27,12.30
2022-11-28,8.90
2022-11-29,12.50
2022-11-30,9.80
2022-12-01,1.60
2022-12-02,1.90
2022-12-03,3.00
2022-12-04,6.10
2022-12-05,38.00
2022-12-06,26.10
2022-12-07,13.50
2022-12-08,18.00
2022-12-09,4.10
2022-12-10,3.10
2022-12-11,14.70
2022-12-12,5.20
2022-12-13,3.20
2022-12-14,13.70
2022-12-15,10.10
2022-12-16,5.70
2022-12-17,1.30
2022-12-18,0.90
2022-12-19,5.00
2022-12-20,3.70
2022-12-21,0.70
2022-12-22,41.50
2022-12-23,18.00
2022-12-24,5.60
2022-12-25,24.40
2022-12-26,28.40
2022-12-27,4.00
2022-12-28,18.30
2022-12-29,27.80
2022-12-30,1.50
2022-12-31,10.80
2023-01-01,9.60
2023-01-02,4.00
2023-01-03,2.50
2023-01-04,13.80
2023-01-05,5.30
2023-01-06,6.30
2023-01-07,3.30
2023-01-08,2.30
2023-01-09,5.70
2023-01-10,8.10
2023-01-11,0.90
2023-01-12,2.20
2023-01-13,1.40
2023-01-14,3.70
2023-01-15,1.00
2023-01-16,13.70
2023-01-17,14.60
2023-01-18,1.70
2023-01-19,3.10
2023-01-20,10.10
2023-01-21,1.90
2023-01-22,7.10
2023-01-23,0.50
2023-01-24,1.20
2023-01-25,7.00
2023-01-26,16.20
2023-01-27,20.10
2023-01-28,23.20
2023-01-29,14.40
2023-01-30,2.90
2023-01-31,7.50
2023-02-01,22.30
2023-02-02,9.20
2023-02-03,12.30
2023-02-04,11.10
2023-02-05,11.40
2023-02-06,0.90
2023-02-07,26.90
2023-02-08,21.30
2023-02-09,27.10
2023-02-10,20.90
2023-02-11,12.20
2023-02-12,11.50
2023-02-13,24.90
2023-02-14,17.50
2023-02-15,24.10
2023-02-16,39.60
2023-02-17,20.30
2023-02-18,1.40
2023-02-19,7.90
2023-02-20,15.90
2023-02-21,18.80
2023-02-22,12.70
2023-02-23,15.50
2023-02-24,8.70
2023-02-25,8.00
2023-02-26,9.60
2023-02-27,14.60
2023-02-28,33.00
2023-03-01,29.50
2023-03-02,52.60
2023-03-03,0.60
2023-03-04,8.10
2023-03-05,5.70
2023-03-06,3.70
2023-03-07,1.70
2023-03-08,1.90
2023-03-09,4.20
2023-03-10,5.00
2023-03-11,1.60
2023-03-12,0.00
2023-03-13,0.40
2023-03-14,1.80
2023-03-15,5.50
2023-03-16,10.90
2023-03-17,19.70
2023-03-18,2.90
2023-03-19,13.30
2023-03-20,26.60
2023-03-21,8.40
2023-03-22,32.90
2023-03-23,0.40
2023-03-24,4.80
2023-03-25,16.50
2023-03-26,9.30
2023-03-27,12.50
2023-03-28,11.30
2023-03-29,10.00
2023-03-30,16.30
2023-03-31,3.70
2023-04-01,34.00
2023-04-02,4.90
2023-04-03,12.10
2023-04-04,1.70
2023-04-05,2.30
2023-04-06,3.00
2023-04-07,0.00
2023-04-08,4.00
2023-04-09,0.90
2023-04-10,11.20
2023-04-11,3.10
2023-04-12,11.50
2023-04-13,9.80
2023-04-14,3.20
2023-04-15,1.50
2023-04-16,1.00
2023-04-17,1.90
2023-04-18,10.20
2023-04-19,0.90
2023-04-20,5.20
2023-04-21,0.80
2023-04-22,27.70
2023-04-23,9.20
2023-04-24,12.00
2023-04-25,5.30
2023-04-26,3.30
2023-04-27,10.20
2023-04-28,20.40
2023-04-29,24.00
2023-04-30,1.00
2023-05-01,11.10
2023-05-02,6.50
2023-05-03,9.70
2023-05-04,18.00
2023-05-05,21.30
2023-05-06,7.30
2023-05-07,10.80
2023-05-08,0.20
2023-05-09,2.30
2023-05-10,1.30
2023-05-11,13.90
2023-05-12,4.50
2023-05-13,0.50
2023-05-14,0.20
2023-05-15,0.10
2023-05-16,0.00
2023-05-17,0.00
2023-05-18,0.20
2023-05-19,0.60
2023-05-20,0.10
2023-05-21,0.00
2023-05-22,0.70
2023-05-23,0.10
2023-05-24,0.00
2023-05-25,0.00
2023-05-26,0.00
2023-05-27,0.00
2023-05-28,0.00
2023-05-29,0.00
2023-05-30,0.00
2023-05-31,0.80
2023-06-01,0.50
2023-06-02,0.30
2023-06-03,1.40
2023-06-04,2.40
2023-06-05,2.00
2023-06-06,4.30
2023-06-07,6.50
2023-06-08,7.30
2023-06-09,0.20
2023-06-10,0.10
2023-06-11,1.60
2023-06-12,11.30
2023-06-13,0.00
2023-06-14,0.00
2023-06-15,0.00
2023-06-16,1.10
2023-06-17,0.30
2023-06-18,3.50
2023-06-19,0.70
2023-06-20,2.80
2023-06-21,0.70
2023-06-22,0.00
2023-06-23,2.00
2023-06-24,0.00
2023-06-25,0.00
2023-06-26,1.70
2023-06-27,2.30
2023-06-28,4.10
2023-06-29,3.00
2023-06-30,2.00
2023-07-01,1.90
2023-07-02,2.00
2023-07-03,1.20
2023-07-04,1.00
2023-07-05,2.50
2023-07-06,10.30
2023-07-07,19.40
2023-07-08,12.10
2023-07-09,2.10
2023-07-10,0.40
2023-07-11,0.00
2023-07-12,0.30
2023-07-13,2.20
2023-07-14,2.40
2023-07-15,1.60
2023-07-16,2.60
2023-07-17,0.20
2023-07-18,0.00
2023-07-19,0.00
2023-07-20,0.20
2023-07-21,1.40
2023-07-22,0.00
2023-07-23,0.00
2023-07-24,0.00
2023-07-25,0.00
2023-07-26,0.00
2023-07-27,0.00
2023-07-28,0.00
2023-07-29,0.00
2023-07-30,0.00
2023-07-31,0.00
2023-08-01,0.00
2023-08-02,0.70
2023-08-03,0.10
2023-08-04,0.90
2023-08-05,0.00
2023-08-06,2.00
2023-08-07,0.20
2023-08-08,0.00
2023-08-09,0.00
2023-08-10,0.00
2023-08-11,0.00
2023-08-12,0.00
2023-08-13,0.00
2023-08-14,0.00
2023-08-15,0.00
2023-08-16,0.00
2023-08-17,0.50
2023-08-18,0.60
2023-08-19,0.00
2023-08-20,0.10
2023-08-21,0.00
2023-08-22,0.00
2023-08-23,0.00
2023-08-24,0.00
2023-08-25,0.00
2023-08-26,0.00
2023-08-27,0.80
2023-08-28,0.00
2023-08-29,0.00
2023-08-30,0.00
2023-08-31,0.30
2023-09-01,1.20
2023-09-02,0.50
2023-09-03,0.90
2023-09-04,0.00
2023-09-05,0.00
2023-09-06,0.10
2023-09-07,0.10
2023-09-08,0.00
2023-09-09,0.00
2023-09-10,0.10
2023-09-11,0.20
2023-09-12,0.30
2023-09-13,0.50
2023-09-14,3.30
2023-09-15,0.20
2023-09-16,0.40
2023-09-17,0.80
2023-09-18,1.20
2023-09-19,0.00
2023-09-20,0.00
2023-09-21,0.00
2023-09-22,0.00
2023-09-23,0.00
2023-09-24,0.20
2023-09-25,0.90
2023-09-26,0.50
2023-09-27,0.30
2023-09-28,0.30
2023-09-29,0.30
2023-09-30,1.40
2023-10-01,2.00
2023-10-02,3.50
2023-10-03,3.20
2023-10-04,0.40
2023-10-05,1.60
2023-10-06,1.20
2023-10-07,2.00
2023-10-08,2.90
2023-10-09,0.70
2023-10-10,0.00
2023-10-11,0.00
2023-10-12,0.00
2023-10-13,1.10
2023-10-14,0.70
2023-10-15,0.20
2023-10-16,0.40
2023-10-17,1.60
2023-10-18,1.30
2023-10-19,0.50
2023-10-20,0.10
2023-10-21,0.00
2023-10-22,0.30
2023-10-23,1.00
2023-10-24,1.70
2023-10-25,1.10
2023-10-26,3.90
2023-10-27,0.60
2023-10-28,2.10
2023-10-29,3.50
2023-10-30,1.40
2023-10-31,1.80
2023-11-01,1.90
2023-11-02,0.80
2023-11-03,2.40
2023-11-04,6.60
2023-11-05,8.40
2023-11-06,1.50
2023-11-07,1.90
2023-11-08,2.10
2023-11-09,1.30
2023-11-10,1.00
2023-11-11,17.80
2023-11-12,5.80
2023-11-13,5.70
2023-11-14,15.10
2023-11-15,16.90
2023-11-16,5.60
2023-11-17,2.00
2023-11-18,0.80
2023-11-19,3.30
2023-11-20,4.90
2023-11-21,5.40
2023-11-22,3.00
2023-11-23,3.20
2023-11-24,5.80
2023-11-25,5.30
2023-11-26,0.50
2023-11-27,4.40
2023-11-28,10.10
2023-11-29,9.50
2023-11-30,12.30
2023-12-01,22.00
2023-12-02,7.30
2023-12-03,11.60
2023-12-04,12.90
2023-12-05,4.50
2023-12-06,2.50
2023-12-07,0.70
2023-12-08,0.90
2023-12-09,1.00
2023-12-10,14.70
2023-12-11,1.70
2023-12-12,0.00
2023-12-13,4.90
2023-12-14,0.80
2023-12-15,0.00
2023-12-16,0.00
2023-12-17,0.50
2023-12-18,0.10
2023-12-19,0.20
2023-12-20,0.00
2023-12-21,0.00
2023-12-22,0.50
2023-12-23,0.20
2023-12-24,0.00
2023-12-25,1.20
2023-12-26,0.80
2023-12-27,9.90
2023-12-28,14.00
2023-12-29,10.80
2023-12-30,19.00
2023-12-31,11.80
2024-01-01,26.60
2024-01-02,6.50
2024-01-03,10.80
2024-01-04,15.50
2024-01-05,20.20
2024-01-06,12.70
2024-01-07,24.40
2024-01-08,10.20
2024-01-09,3.50
2024-01-10,10.40
2024-01-11,0.60
2024-01-12,2.30
2024-01-13,3.10
2024-01-14,0.20
2024-01-15,1.70
2024-01-16,1.30
2024-01-17,38.70
2024-01-18,28.90
2024-01-19,36.30
2024-01-20,3.30
2024-01-21,4.00
2024-01-22,4.20
2024-01-23,3.30
2024-01-24,11.80
2024-01-25,7.90
2024-01-26,29.10
2024-01-27,18.40
2024-01-28,18.20
2024-01-29,19.60
2024-01-30,10.20
2024-01-31,8.00
2024-02-01,10.10
2024-02-02,2.10
2024-02-03,18.20
2024-02-04,37.30
2024-02-05,11.60
2024-02-06,11.70
2024-02-07,19.90
2024-02-08,5.40
2024-02-09,3.50
2024-02-10,16.90
2024-02-11,2.40
2024-02-12,10.10
2024-02-13,1.50
2024-02-14,1.00
2024-02-15,4.20
2024-02-16,1.30
2024-02-17,3.80
2024-02-18,1.80
2024-02-19,9.00
2024-02-20,3.40
2024-02-21,13.30
2024-02-22,0.00
2024-02-23,4.40
2024-02-24,12.00
2024-02-25,22.10
2024-02-26,7.40
2024-02-27,22.30
2024-02-28,9.90
2024-02-29,21.10
2024-03-01,16.60
2024-03-02,9.90
2024-03-03,20.40
2024-03-04,13.40
2024-03-05,4.70
2024-03-06,9.30
2024-03-07,14.70
2024-03-08,10.50
2024-03-09,29.10
2024-03-10,3.10
2024-03-11,6.30
2024-03-12,0.50
2024-03-13,15.70
2024-03-14,22.30
2024-03-15,21.10
2024-03-16,4.60
2024-03-17,5.40
2024-03-18,1.10
2024-03-19,0.00
2024-03-20,1.40
2024-03-21,1.40
2024-03-22,4.60
2024-03-23,1.90
2024-03-24,11.50
2024-03-25,6.80
2024-03-26,29.20
2024-03-27,5.50
2024-03-28,14.10
2024-03-29,10.00
2024-03-30,3.00
2024-03-31,5.80
2024-04-01,7.10
2024-04-02,21.20
2024-04-03,13.00
2024-04-04,3.50
2024-04-05,2.60
2024-04-06,0.10
2024-04-07,12.20
2024-04-08,10.30
2024-04-09,15.10
2024-04-10,24.90
2024-04-11,17.90
2024-04-12,8.00
2024-04-13,5.40
2024-04-14,17.00
2024-04-15,6.10
2024-04-16,9.20
2024-04-17,14.20
2024-04-18,13.10
2024-04-19,12.50
2024-04-20,19.90
2024-04-21,26.10
2024-04-22,11.10
2024-04-23,16.80
2024-04-24,3.80
2024-04-25,1.90
2024-04-26,4.60
2024-04-27,3.40
2024-04-28,10.20
2024-04-29,0.20
2024-04-30,1.40
2024-05-01,1.20
2024-05-02,0.20
2024-05-03,0.20
2024-05-04,0.30
2024-05-05,0.20
2024-05-06,0.80
2024-05-07,1.30
2024-05-08,2.10
2024-05-09,1.00
2024-05-10,2.00
2024-05-11,12.30
2024-05-12,1.40
2024-05-13,0.40
2024-05-14,0.00
2024-05-15,0.40
2024-05-16,0.10
2024-05-17,0.10
2024-05-18,0.20
2024-05-19,0.00
2024-05-20,0.00
2024-05-21,0.40
2024-05-22,0.00
2024-05-23,6.00
2024-05-24,59.70
2024-05-25,39.10
2024-05-26,0.00
2024-05-27,0.30
2024-05-28,2.00
2024-05-29,0.90
2024-05-30,2.80
2024-05-31,0.10
2024-06-01,4.70
2024-06-02,0.60
2024-06-03,1.10
2024-06-04,0.20
2024-06-05,0.50
2024-06-06,0.60
2024-06-07,3.30
2024-06-08,0.00
2024-06-09,3.70
2024-06-10,0.20
2024-06-11,6.50
2024-06-12,8.30
2024-06-13,0.00
2024-06-14,0.30
2024-06-15,4.50
2024-06-16,0.00
2024-06-17,0.20
2024-06-18,0.90
2024-06-19,0.00
2024-06-20,0.00
2024-06-21,0.00
2024-06-22,0.50
2024-06-23,1.60
2024-06-24,1.40
2024-06-25,2.10
2024-06-26,0.00
2024-06-27,0.50
2024-06-28,2.20
2024-06-29,8.90
2024-06-30,1.10
2024-07-01,0.00
2024-07-02,1.50
2024-07-03,0.60
2024-07-04,33.90
2024-07-05,0.00
2024-07-06,2.10
2024-07-07,2.60
2024-07-08,0.20
2024-07-09,0.00
2024-07-10,0.00
2024-07-11,0.00
2024-07-12,0.00
2024-07-13,0.00
2024-07-14,0.00
2024-07-15,0.00
2024-07-16,0.00
2024-07-17,0.00
2024-07-18,0.00
2024-07-19,0.00
2024-07-20,0.00
2024-07-21,0.10
2024-07-22,0.00
2024-07-23,0.30
2024-07-24,0.30
2024-07-25,0.00
2024-07-26,0.00
2024-07-27,0.00
2024-07-28,0.10
2024-07-29,0.30
2024-07-30,0.60
2024-07-31,1.40
2024-08-01,9.10
2024-08-02,5.10
2024-08-03,1.40
2024-08-04,1.50
2024-08-05,0.00
2024-08-06,0.00
2024-08-07,0.10
2024-08-08,1.40
2024-08-09,0.00
2024-08-10,0.00
2024-08-11,0.00
2024-08-12,0.00
2024-08-13,0.00
2024-08-14,0.00
2024-08-15,0.00
2024-08-16,0.00
2024-08-17,0.00
2024-08-18,0.00
2024-08-19,0.20
2024-08-20,0.00
2024-08-21,0.10
2024-08-22,0.00
2024-08-23,0.20
2024-08-24,1.70
2024-08-25,0.20
2024-08-26,0.00
2024-08-27,1.10
2024-08-28,0.30
2024-08-29,1.50
2024-08-30,1.30
2024-08-31,0.70
2024-09-01,0.50
2024-09-02,0.10
2024-09-03,1.30
2024-09-04,0.90
2024-09-05,2.00
2024-09-06,0.70
2024-09-07,0.20
2024-09-08,23.30
2024-09-09,1.00
2024-09-10,6.10
2024-09-11,4.40
2024-09-12,0.00
2024-09-13,1.50
2024-09-14,1.30
2024-09-15,0.40
2024-09-16,1.20
2024-09-17,0.40
2024-09-18,0.00
2024-09-19,0.00
2024-09-20,0.00
2024-09-21,0.00
2024-09-22,1.40
2024-09-23,7.00
2024-09-24,13.90
2024-09-25,9.90
2024-09-26,5.40
2024-09-27,1.30
2024-09-28,0.20
2024-09-29,0.20
2024-09-30,1.40
2024-10-01,3.00
2024-10-02,2.60
2024-10-03,0.90
2024-10-04,1.50
2024-10-05,1.50
2024-10-06,1.60
2024-10-07,0.30
2024-10-08,1.60
2024-10-09,2.40
2024-10-10,4.20
2024-10-11,0.20
2024-10-12,3.90
2024-10-13,2.00
2024-10-14,2.40
2024-10-15,1.20
2024-10-16,0.00
2024-10-17,0.00
2024-10-18,1.20
2024-10-19,12.40
2024-10-20,26.80
2024-10-21,4.00
2024-10-22,2.60
2024-10-23,1.50
2024-10-24,2.60
2024-10-25,1.60
2024-10-26,1.60
2024-10-27,1.00
2024-10-28,1.40
2024-10-29,0.20
2024-10-30,20.50
2024-10-31,3.90
2024-11-01,38.00
2024-11-02,4.90
2024-11-03,28.10
2024-11-04,3.10
2024-11-05,3.20
2024-11-06,0.30
2024-11-07,10.40
2024-11-08,2.30
2024-11-09,19.30
2024-11-10,14.90
2024-11-11,23.70
2024-11-12,5.90
2024-11-13,9.90
2024-11-14,17.30
2024-11-15,10.90
2024-11-16,27.70
2024-11-17,19.50
2024-11-18,11.30
2024-11-19,17.10
2024-11-20,7.70
2024-11-21,12.10
2024-11-22,14.10
2024-11-23,19.00
2024-11-24,3.40
2024-11-25,6.90
2024-11-26,1.80
2024-11-27,13.40
2024-11-28,23.70
2024-11-29,0.40
2024-11-30,14.10
2024-12-01,12.60
2024-12-02,8.30
2024-12-03,15.90
2024-12-04,13.30
2024-12-05,5.90
2024-12-06,16.10
2024-12-07,15.70
2024-12-08,17.70
2024-12-09,6.80
2024-12-10,42.90
2024-12-11,21.00
2024-12-12,15.70
2024-12-13,14.50
2024-12-14,13.40
2024-12-15,10.10
2024-12-16,8.60
2024-12-17,24.50
2024-12-18,4.50
2024-12-19,1.90
2024-12-20,2.60
2024-12-21,4.20
2024-12-22,19.00
2024-12-23,2.50
2024-12-24,10.70
2024-12-25,11.00
2024-12-26,20.10
2024-12-27,0.00
2024-12-28,13.60
2024-12-29,4.70
2024-12-30,15.30
2024-12-31,8.50
2025-01-01,14.50
2025-01-02,1.60
2025-01-03,1.70
2025-01-04,3.30
2025-01-05,10.40
2025-01-06,9.60
2025-01-07,8.70
2025-01-08,9.80
2025-01-09,2.00
2025-01-10,12.10
2025-01-11,0.50
2025-01-12,19.00
2025-01-13,5.00
2025-01-14,11.70
2025-01-15,16.00
2025-01-16,0.30
2025-01-17,2.40
2025-01-18,0.40
2025-01-19,18.10
2025-01-20,20.80
2025-01-21,23.80
2025-01-22,3.70
2025-01-23,2.00
2025-01-24,13.30
2025-01-25,2.00
2025-01-26,3.20
2025-01-27,23.60
2025-01-28,4.30
2025-01-29,21.70
2025-01-30,0.10
2025-01-31,1.00
2025-02-01,6.40
2025-02-02,0.20
2025-02-03,0.40
2025-02-04,0.20
2025-02-05,2.40
2025-02-06,7.50
2025-02-07,2.30
2025-02-08,0.50
2025-02-09,3.90
2025-02-10,2.70
2025-02-11,0.00
2025-02-12,1.40
2025-02-13,2.10
2025-02-14,9.60
2025-02-15,18.70
2025-02-16,28.70
2025-02-17,23.40
2025-02-18,4.70
2025-02-19,18.00
2025-02-20,11.90
2025-02-21,9.40
2025-02-22,10.50
2025-02-23,18.10
2025-02-24,27.00
2025-02-25,29.20
2025-02-26,26.50
2025-02-27,5.70
2025-02-28,8.60
2025-03-01,4.00
2025-03-02,8.50
2025-03-03,7.20
2025-03-04,14.10
2025-03-05,4.20
2025-03-06,26.20
2025-03-07,11.90
2025-03-08,3.20
2025-03-09,7.60
2025-03-10,18.00
2025-03-11,1.20
2025-03-12,16.50
2025-03-13,0.50
2025-03-14,9.60
2025-03-15,29.80
2025-03-16,4.50
2025-03-17,7.90
2025-03-18,11.40
2025-03-19,15.10
2025-03-20,0.10
2025-03-21,0.10
2025-03-22,6.90
2025-03-23,0.00
2025-03-24,6.30
2025-03-25,3.70
2025-03-26,1.40
2025-03-27,4.20
2025-03-28,29.00
2025-03-29,5.40
2025-03-30,1.90
2025-03-31,2.40
2025-04-01,2.10
2025-04-02,15.40
2025-04-03,36.20
2025-04-04,0.80
2025-04-05,0.60
2025-04-06,0.00
2025-04-07,1.10
2025-04-08,7.10
2025-04-09,4.60
2025-04-10,19.50
2025-04-11,9.10
2025-04-12,12.00
2025-04-13,29.60
2025-04-14,9.80
2025-04-15,0.00
2025-04-16,5.20
2025-04-17,4.90
2025-04-18,14.00
2025-04-19,8.20
2025-04-20,7.70
2025-04-21,3.90
2025-04-22,4.70
2025-04-23,1.70
2025-04-24,2.40
2025-04-25,7.50
2025-04-26,0.80
2025-04-27,0.20
2025-04-28,0.00
2025-04-29,2.40
2025-04-30,0.80
2025-05-01,1.30
2025-05-02,52.20
2025-05-03,7.40
2025-05-04,7.50
2025-05-05,18.50
2025-05-06,16.30
2025-05-07,11.10
2025-05-08,16.10
2025-05-09,33.30
2025-05-10,4.90
2025-05-11,9.80
2025-05-12,14.70
2025-05-13,15.30
2025-05-14,12.60
2025-05-15,7.10
2025-05-16,7.30
2025-05-17,5.90
2025-05-18,21.70
2025-05-19,28.30
2025-05-20,4.10
2025-05-21,14.20
2025-05-22,14.90
2025-05-23,28.40
2025-05-24,11.20
2025-05-25,3.10
2025-05-26,13.00
2025-05-27,0.40
2025-05-28,1.50
2025-05-29,0.00
2025-05-30,5.30
2025-05-31,19.50
2025-06-01,4.00
2025-06-02,0.10
2025-06-03,0.90
2025-06-04,8.40
2025-06-05,2.10
2025-06-06,0.20
2025-06-07,0.00
2025-06-08,32.00
2025-06-09,0.40
2025-06-10,22.40
2025-06-11,23.00
2025-06-12,0.00
2025-06-13,0.60
2025-06-14,15.80
2025-06-15,6.20
2025-06-16,5.60
2025-06-17,1.90
2025-06-18,0.00
2025-06-19,0.00
2025-06-20,2.40
2025-06-21,13.10
2025-06-22,7.10
2025-06-23,1.20
2025-06-24,0.10
2025-06-25,2.20
2025-06-26,0.50
2025-06-27,5.00
2025-06-28,7.10
2025-06-29,4.10
2025-06-30,0.00
2025-07-01,1.20
2025-07-02,0.70
2025-07-03,5.10
2025-07-04,4.40
2025-07-05,2.90
2025-07-06,6.30
2025-07-07,11.60
2025-07-08,0.20
2025-07-09,0.80
2025-07-10,0.00
2025-07-11,0.00
2025-07-12,0.00
2025-07-13,3.80
2025-07-14,0.20
2025-07-15,4.20
2025-07-16,3.00
2025-07-17,0.10
2025-07-18,0.10
2025-07-19,0.00
2025-07-20,0.00
2025-07-21,0.00
2025-07-22,0.00
2025-07-23,0.30
2025-07-24,0.10
2025-07-25,0.80
2025-07-26,0.80
2025-07-27,5.50
2025-07-28,7.00
2025-07-29,3.90
2025-07-30,2.60
2025-07-31,0.60
2025-08-01,0.00
2025-08-02,3.30
2025-08-03,7.90
2025-08-04,18.30
2025-08-05,9.70
2025-08-06,0.00
2025-08-07,0.00
2025-08-08,1.10
2025-08-09,0.90
2025-08-10,3.40
2025-08-11,2.40
2025-08-12,8.20
2025-08-13,9.40
2025-08-14,0.00
2025-08-15,0.00
2025-08-16,0.00
2025-08-17,0.00
2025-08-18,1.20
2025-08-19,36.70
2025-08-20,1.60
2025-08-21,4.60
2025-08-22,3.20
2025-08-23,0.80
2025-08-24,1.70
2025-08-25,0.30
2025-08-26,0.00
2025-08-27,3.50
2025-08-28,4.10
2025-08-29,3.70
2025-08-30,2.10
2025-08-31,0.70
2025-09-01,0.10
2025-09-02,5.00
2025-09-03,0.10
2025-09-04,1.70
2025-09-05,0.00
2025-09-06,0.30
2025-09-07,0.20
2025-09-08,0.60
2025-09-09,4.80
2025-09-10,10.00
2025-09-11,19.80
2025-09-12,1.50
2025-09-13,0.20
2025-09-14,2.50
2025-09-15,6.30
2025-09-16,4.40
2025-09-17,4.60
2025-09-18,21.80
2025-09-19,16.40
2025-09-20,3.30
2025-09-21,8.10
2025-09-22,1.10
2025-09-23,0.00
2025-09-24,3.20
2025-09-25,5.00
2025-09-26,1.00
2025-09-27,1.20
2025-09-28,9.00
2025-09-29,17.90
2025-09-30,9.80
2025-10-01,6.50
2025-10-02,4.00
2025-10-03,0.90
2025-10-04,0.10
2025-10-05,3.20
2025-10-06,0.40
2025-10-07,1.50
2025-10-08,2.70
2025-10-09,6.20
2025-10-10,1.60
2025-10-11,1.60
2025-10-12,7.70
2025-10-13,17.60
2025-10-14,4.50
2025-10-15,14.40
2025-10-16,1.90
2025-10-17,5.30
2025-10-18,2.30
2025-10-19,15.20
2025-10-20,25.80
2025-10-21,31.10
2025-10-22,19.80
2025-10-23,20.00
2025-10-24,34.60
2025-10-25,11.00
2025-10-26,45.20
2025-10-27,10.80
2025-10-28,17.70
2025-10-29,3.80
2025-10-30,7.00
2025-10-31,21.50
2025-11-01,24.80
2025-11-02,20.70
2025-11-03,8.40
2025-11-04,8.20
2025-11-05,15.70
2025-11-06,24.20
2025-11-07,3.00
2025-11-08,33.80
2025-11-09,19.10
2025-11-10,18.80
2025-11-11,22.60
2025-11-12,29.10
2025-11-13,15.50
2025-11-14,8.60
2025-11-15,9.00
2025-11-16,13.50
2025-11-17,6.10
2025-11-18,26.50
2025-11-19,17.70
2025-11-20,18.40
2025-11-21,27.00
2025-11-22,2.50
2025-11-23,20.00
2025-11-24,6.60
2025-11-25,0.00
2025-11-26,6.10
2025-11-27,1.90
2025-11-28,0.30
2025-11-29,0.60
2025-11-30,0.20
2025-12-01,3.20
2025-12-02,26.70
2025-12-03,17.60
2025-12-04,8.70
2025-12-05,13.50
2025-12-06,26.70
2025-12-07,1.90
2025-12-08,4.20
2025-12-09,7.50
2025-12-10,0.20
2025-12-11,0.80
2025-12-12,1.00
2025-12-13,0.70
2025-12-14,1.30
2025-12-15,4.10
2025-12-16,2.40
2025-12-17,2.30
2025-12-18,5.30
2025-12-19,0.70
2025-12-20,16.10
2025-12-21,4.70
2025-12-22,6.80
2025-12-23,1.30
2025-12-24,1.00
2025-12-25,2.40
2025-12-26,3.00
2025-12-27,14.50
2025-12-28,3.00
2025-12-29,0.50
2025-12-30,3.50
2025-12-31,7.40
2026-01-01,48.20
2026-01-02,3.00
2026-01-03,12.30
2026-01-04,10.20
2026-01-05,1.00
2026-01-06,0.00
2026-01-07,0.80
2026-01-08,3.40
2026-01-09,18.40
2026-01-10,17.40
2026-01-11,3.30
2026-01-12,17.60
2026-01-13,2.30
2026-01-14,9.60
2026-01-15,6.60
2026-01-16,10.80
2026-01-17,18.70
2026-01-18,27.40
2026-01-19,11.60
2026-01-20,4.30
2026-01-21,7.20
2026-01-22,10.50
2026-01-23,12.90
2026-01-24,0.30
2026-01-25,2.30
2026-01-26,3.40
2026-01-27,16.30
2026-01-28,15.60
2026-01-29,15.20
2026-01-30,13.10
2026-01-31,7.50
2026-02-01,1.80
2026-02-02,4.60
2026-02-03,5.20
2026-02-04,8.40
2026-02-05,3.30
2026-02-06,4.80
2026-02-07,8.80
2026-02-08,5.10
2026-02-09,2.70
2026-02-10,10.10
2026-02-11,18.70
2026-02-12,11.80
2026-02-13,11.50
2026-02-14,14.70
2026-02-15,15.80
2026-02-16,10.70
2026-02-17,4.00
2026-02-18,10.20
2026-02-19,17.70
2026-02-20,5.90
2026-02-21,8.60
2026-02-22,33.60
2026-02-23,27.90
2026-02-24,1.60
2026-02-25,9.90
2026-02-26,11.00
2026-02-27,15.50
2026-02-28,20.10
2026-03-01,3.20
2026-03-02,22.90
2026-03-03,27.30
2026-03-04,10.10
2026-03-05,17.40
2026-03-06,3.20
2026-03-07,19.50
2026-03-08,16.60
2026-03-09,5.00
2026-03-10,0.50
2026-03-11,1.20
2026-03-12,0.30
2026-03-13,0.00
2026-03-14,2.70
2026-03-15,12.80
2026-03-16,12.70
2026-03-17,4.80
2026-03-18,0.00
2026-03-19,3.40
2026-03-20,6.80
2026-03-21,1.90
2026-03-22,0.60
2026-03-23,1.00
2026-03-24,4.10
2026-03-25,3.10
2026-03-26,2.90
2026-03-27,5.30
2026-03-28,28.20
2026-03-29,17.20
2026-03-30,20.30
2026-03-31,4.20
2026-04-01,26.00
2026-04-02,18.40
2026-04-03,10.60
2026-04-04,12.90
2026-04-05,4.30
2026-04-06,10.40
2026-04-07,6.80
2026-04-08,16.50
2026-04-09,15.50
2026-04-10,17.50
2026-04-11,16.10
2026-04-12,15.40
2026-04-13,0.00
2026-04-14,5.00
2026-04-15,4.30
2026-04-16,1.20
2026-04-17,1.00
2026-04-18,0.60
2026-04-19,0.80
2026-04-20,0.00
2026-04-21,2.90
2026-04-22,19.10
2026-04-23,0.10
2026-04-24,0.70
2026-04-25,2.90
2026-04-26,4.10
2026-04-27,4.20
2026-04-28,7.30
2026-04-29,6.70
2026-04-30,16.70
2026-05-01,14.60
2026-05-02,12.20
2026-05-03,7.80
2026-05-04,6.60
2026-05-05,0.20
2026-05-06,0.40
2026-05-07,0.10
2026-05-08,3.00
2026-05-09,13.90
2026-05-10,0.40
2026-05-11,1.00
2026-05-12,0.30
2026-05-13,4.90
2026-05-14,5.70
2026-05-15,5.20
2026-05-16,5.00
2026-05-17,3.60
2026-05-18,1.20
2026-05-19,1.50
2026-05-20,4.80
2026-05-21,5.30
2026-05-22,16.00
2026-05-23,3.10
2026-05-24,7.40
2026-05-25,2.40
2026-05-26,1.50
2026-05-27,0.60
2026-05-28,3.50
2026-05-29,0.00
2026-05-30,0.00
2026-05-31,2.70
