tanggal,harga_beras
2021-01-01,11000.0
2021-01-02,11000.0
2021-01-03,11000.0
2021-01-04,11000.0
2021-01-05,11000.0
2021-01-06,11000.0
2021-01-07,11000.0
2021-01-08,11000.0
2021-01-09,11000.0
2021-01-10,11000.0
2021-01-11,11000.0
2021-01-12,11000.0
2021-01-13,11000.0
2021-01-14,11000.0
2021-01-15,11000.0
2021-01-16,11000.0
2021-01-17,11000.0
2021-01-18,11000.0
2021-01-19,11000.0
2021-01-20,11000.0
2021-01-21,11000.0
2021-01-22,11000.0
2021-01-23,11000.0
2021-01-24,11000.0
2021-01-25,11000.0
2021-01-26,11000.0
2021-01-27,11000.0
2021-01-28,11000.0
2021-01-29,11000.0
2021-01-30,11000.0
2021-01-31,11000.0
2021-02-01,11000.0
2021-02-02,11000.0
2021-02-03,11000.0
2021-02-04,11000.0
2021-02-05,11000.0
2021-02-06,11000.0
2021-02-07,11000.0
2021-02-08,11000.0
2021-02-09,11000.0
2021-02-10,11000.0
2021-02-11,11000.0
2021-02-12,11000.0
2021-02-13,11000.0
2021-02-14,11000.0
2021-02-15,11000.0
2021-02-16,11000.0
2021-02-17,11000.0
2021-02-18,11000.0
2021-02-19,11000.0
2021-02-20,11000.0
2021-02-21,11000.0
2021-02-22,11000.0
2021-02-23,11000.0
2021-02-24,11000.0
2021-02-25,11000.0
2021-02-26,11000.0
2021-02-27,11000.0
2021-02-28,11000.0
2021-03-01,11000.0
2021-03-02,11000.0
2021-03-03,11000.0
2021-03-04,11000.0
2021-03-05,11000.0
2021-03-06,11000.0
2021-03-07,11000.0
2021-03-08,11000.0
2021-03-09,11000.0
2021-03-10,11000.0
2021-03-11,11000.0
2021-03-12,11000.0
2021-03-13,11000.0
2021-03-14,11000.0
2021-03-15,11000.0
2021-03-16,11000.0
2021-03-17,11000.0
2021-03-18,11000.0
2021-03-19,11000.0
2021-03-20,11000.0
2021-03-21,11000.0
2021-03-22,11000.0
2021-03-23,11000.0
2021-03-24,11000.0
2021-03-25,11000.0
2021-03-26,11000.0
2021-03-27,11000.0
2021-03-28,11000.0
2021-03-29,11000.0
2021-03-30,11000.0
2021-03-31,11000.0
2021-04-01,11000.0
2021-04-02,11000.0
2021-04-03,11000.0
2021-04-04,11000.0
2021-04-05,11000.0
2021-04-06,11000.0
2021-04-07,11000.0
2021-04-08,11000.0
2021-04-09,11000.0
2021-04-10,11000.0
2021-04-11,11000.0
2021-04-12,11000.0
2021-04-13,11000.0
2021-04-14,11000.0
2021-04-15,11000.0
2021-04-16,11000.0
2021-04-17,11000.0
2021-04-18,11000.0
2021-04-19,10750.0
2021-04-20,10750.0
2021-04-21,10750.0
2021-04-22,10750.0
2021-04-23,10750.0
2021-04-24,10750.0
2021-04-25,10750.0
2021-04-26,10750.0
2021-04-27,10750.0
2021-04-28,10750.0
2021-04-29,10750.0
2021-04-30,10750.0
2021-05-01,10750.0
2021-05-02,10750.0
2021-05-03,10750.0
2021-05-04,10750.0
2021-05-05,10750.0
2021-05-06,10750.0
2021-05-07,10750.0
2021-05-08,10750.0
2021-05-09,10750.0
2021-05-10,10750.0
2021-05-11,10750.0
2021-05-12,10750.0
2021-05-13,10750.0
2021-05-14,10750.0
2021-05-15,10750.0
2021-05-16,10750.0
2021-05-17,10750.0
2021-05-18,10750.0
2021-05-19,10750.0
2021-05-20,10750.0
2021-05-21,10750.0
2021-05-22,10750.0
2021-05-23,10750.0
2021-05-24,10750.0
2021-05-25,10750.0
2021-05-26,10750.0
2021-05-27,10750.0
2021-05-28,10750.0
2021-05-29,10750.0
2021-05-30,10750.0
2021-05-31,10750.0
2021-06-01,10750.0
2021-06-02,10750.0
2021-06-03,10750.0
2021-06-04,10750.0
2021-06-05,10750.0
2021-06-06,10750.0
2021-06-07,10750.0
2021-06-08,10750.0
2021-06-09,10750.0
2021-06-10,10750.0
2021-06-11,10750.0
2021-06-12,10750.0
2021-06-13,10750.0
2021-06-14,10750.0
2021-06-15,10750.0
2021-06-16,10750.0
2021-06-17,10750.0
2021-06-18,10750.0
2021-06-19,10750.0
2021-06-20,10750.0
2021-06-21,10750.0
2021-06-22,10750.0
2021-06-23,10750.0
2021-06-24,10750.0
2021-06-25,10750.0
2021-06-26,10750.0
2021-06-27,10750.0
2021-06-28,10750.0
2021-06-29,10750.0
2021-06-30,10750.0
2021-07-01,10750.0
2021-07-02,10750.0
2021-07-03,10750.0
2021-07-04,10750.0
2021-07-05,10750.0
2021-07-06,10750.0
2021-07-07,10750.0
2021-07-08,10750.0
2021-07-09,10750.0
2021-07-10,10750.0
2021-07-11,10750.0
2021-07-12,10750.0
2021-07-13,10750.0
2021-07-14,10750.0
2021-07-15,10750.0
2021-07-16,10750.0
2021-07-17,10750.0
2021-07-18,10750.0
2021-07-19,10750.0
2021-07-20,10750.0
2021-07-21,10750.0
2021-07-22,10750.0
2021-07-23,10750.0
2021-07-24,10750.0
2021-07-25,10750.0
2021-07-26,10750.0
2021-07-27,10750.0
2021-07-28,10750.0
2021-07-29,10750.0
2021-07-30,10750.0
2021-07-31,10750.0
2021-08-01,10750.0
2021-08-02,10750.0
2021-08-03,10750.0
2021-08-04,10750.0
2021-08-05,10750.0
2021-08-06,10750.0
2021-08-07,10750.0
2021-08-08,10750.0
2021-08-09,10750.0
2021-08-10,10750.0
2021-08-11,10750.0
2021-08-12,10750.0
2021-08-13,10750.0
2021-08-14,10750.0
2021-08-15,10750.0
2021-08-16,10750.0
2021-08-17,10750.0
2021-08-18,10750.0
2021-08-19,10750.0
2021-08-20,10750.0
2021-08-21,10750.0
2021-08-22,10750.0
2021-08-23,10750.0
2021-08-24,10750.0
2021-08-25,10750.0
2021-08-26,10750.0
2021-08-27,10750.0
2021-08-28,10750.0
2021-08-29,10750.0
2021-08-30,10750.0
2021-08-31,10750.0
2021-09-01,10750.0
2021-09-02,10750.0
2021-09-03,10750.0
2021-09-04,10750.0
2021-09-05,10750.0
2021-09-06,10750.0
2021-09-07,10750.0
2021-09-08,10750.0
2021-09-09,10750.0
2021-09-10,10750.0
2021-09-11,10750.0
2021-09-12,10750.0
2021-09-13,10750.0
2021-09-14,10750.0
2021-09-15,10750.0
2021-09-16,10750.0
2021-09-17,10750.0
2021-09-18,10750.0
2021-09-19,10750.0
2021-09-20,10750.0
2021-09-21,10750.0
2021-09-22,10750.0
2021-09-23,10750.0
2021-09-24,10750.0
2021-09-25,10750.0
2021-09-26,10750.0
2021-09-27,10750.0
2021-09-28,10750.0
2021-09-29,10750.0
2021-09-30,10750.0
2021-10-01,10750.0
2021-10-02,10750.0
2021-10-03,10750.0
2021-10-04,10750.0
2021-10-05,10750.0
2021-10-06,10750.0
2021-10-07,10750.0
2021-10-08,10750.0
2021-10-09,10750.0
2021-10-10,10750.0
2021-10-11,10750.0
2021-10-12,10750.0
2021-10-13,10750.0
2021-10-14,10750.0
2021-10-15,10750.0
2021-10-16,10750.0
2021-10-17,10750.0
2021-10-18,10900.0
2021-10-19,10900.0
2021-10-20,10900.0
2021-10-21,10900.0
2021-10-22,10900.0
2021-10-23,10900.0
2021-10-24,10900.0
2021-10-25,10900.0
2021-10-26,10900.0
2021-10-27,10900.0
2021-10-28,10900.0
2021-10-29,10900.0
2021-10-30,10900.0
2021-10-31,10900.0
2021-11-01,10900.0
2021-11-02,10900.0
2021-11-03,10900.0
2021-11-04,10900.0
2021-11-05,10900.0
2021-11-06,10900.0
2021-11-07,10900.0
2021-11-08,10900.0
2021-11-09,10900.0
2021-11-10,10900.0
2021-11-11,10900.0
2021-11-12,10900.0
2021-11-13,10900.0
2021-11-14,10900.0
2021-11-15,10900.0
2021-11-16,10900.0
2021-11-17,10900.0
2021-11-18,10900.0
2021-11-19,10900.0
2021-11-20,10900.0
2021-11-21,10900.0
2021-11-22,10900.0
2021-11-23,10900.0
2021-11-24,10900.0
2021-11-25,10900.0
2021-11-26,10900.0
2021-11-27,10900.0
2021-11-28,10900.0
2021-11-29,10900.0
2021-11-30,10900.0
2021-12-01,10900.0
2021-12-02,10900.0
2021-12-03,10900.0
2021-12-04,10900.0
2021-12-05,10900.0
2021-12-06,10900.0
2021-12-07,10900.0
2021-12-08,10900.0
2021-12-09,10900.0
2021-12-10,10900.0
2021-12-11,10900.0
2021-12-12,10900.0
2021-12-13,10900.0
2021-12-14,10900.0
2021-12-15,10900.0
2021-12-16,10900.0
2021-12-17,10900.0
2021-12-18,10900.0
2021-12-19,10900.0
2021-12-20,10900.0
2021-12-21,10900.0
2021-12-22,10900.0
2021-12-23,10900.0
2021-12-24,10900.0
2021-12-25,10900.0
2021-12-26,10900.0
2021-12-27,11150.0
2021-12-28,11150.0
2021-12-29,11150.0
2021-12-30,11150.0
2021-12-31,11150.0
2022-01-01,11150.0
2022-01-02,11150.0
2022-01-03,11150.0
2022-01-04,11150.0
2022-01-05,11150.0
2022-01-06,11150.0
2022-01-07,11150.0
2022-01-08,11150.0
2022-01-09,11150.0
2022-01-10,11150.0
2022-01-11,11150.0
2022-01-12,11150.0
2022-01-13,11150.0
2022-01-14,11150.0
2022-01-15,11150.0
2022-01-16,11150.0
2022-01-17,11150.0
2022-01-18,11150.0
2022-01-19,11150.0
2022-01-20,11150.0
2022-01-21,11150.0
2022-01-22,11150.0
2022-01-23,11150.0
2022-01-24,11150.0
2022-01-25,11150.0
2022-01-26,11150.0
2022-01-27,11150.0
2022-01-28,11150.0
2022-01-29,11150.0
2022-01-30,11150.0
2022-01-31,11150.0
2022-02-01,11150.0
2022-02-02,11150.0
2022-02-03,11150.0
2022-02-04,11150.0
2022-02-05,11150.0
2022-02-06,11150.0
2022-02-07,11150.0
2022-02-08,11150.0
2022-02-09,11150.0
2022-02-10,11150.0
2022-02-11,11150.0
2022-02-12,11150.0
2022-02-13,11150.0
2022-02-14,11150.0
2022-02-15,11150.0
2022-02-16,11150.0
2022-02-17,11150.0
2022-02-18,11150.0
2022-02-19,11150.0
2022-02-20,11150.0
2022-02-21,11150.0
2022-02-22,11150.0
2022-02-23,11150.0
2022-02-24,11150.0
2022-02-25,11150.0
2022-02-26,11150.0
2022-02-27,11150.0
2022-02-28,11150.0
2022-03-01,11150.0
2022-03-02,11150.0
2022-03-03,11150.0
2022-03-04,11150.0
2022-03-05,11150.0
2022-03-06,11150.0
2022-03-07,11150.0
2022-03-08,11150.0
2022-03-09,11150.0
2022-03-10,11150.0
2022-03-11,11150.0
2022-03-12,11150.0
2022-03-13,11150.0
2022-03-14,11150.0
2022-03-15,11150.0
2022-03-16,11150.0
2022-03-17,11150.0
2022-03-18,11150.0
2022-03-19,11150.0
2022-03-20,11150.0
2022-03-21,11150.0
2022-03-22,11150.0
2022-03-23,11150.0
2022-03-24,11150.0
2022-03-25,11150.0
2022-03-26,11150.0
2022-03-27,11150.0
2022-03-28,11150.0
2022-03-29,11150.0
2022-03-30,11150.0
2022-03-31,11150.0
2022-04-01,11150.0
2022-04-02,11150.0
2022-04-03,11150.0
2022-04-04,11150.0
2022-04-05,11150.0
2022-04-06,11150.0
2022-04-07,11150.0
2022-04-08,11150.0
2022-04-09,11150.0
2022-04-10,11150.0
2022-04-11,11150.0
2022-04-12,11150.0
2022-04-13,11150.0
2022-04-14,11150.0
2022-04-15,11150.0
2022-04-16,11150.0
2022-04-17,11150.0
2022-04-18,11150.0
2022-04-19,11150.0
2022-04-20,11150.0
2022-04-21,11150.0
2022-04-22,11150.0
2022-04-23,11150.0
2022-04-24,11150.0
2022-04-25,11150.0
2022-04-26,11150.0
2022-04-27,11150.0
2022-04-28,11150.0
2022-04-29,11150.0
2022-04-30,11150.0
2022-05-01,11150.0
2022-05-02,11150.0
2022-05-03,11150.0
2022-05-04,11150.0
2022-05-05,11150.0
2022-05-06,11150.0
2022-05-07,11150.0
2022-05-08,11150.0
2022-05-09,11150.0
2022-05-10,11150.0
2022-05-11,11150.0
2022-05-12,11150.0
2022-05-13,11150.0
2022-05-14,11150.0
2022-05-15,11150.0
2022-05-16,11150.0
2022-05-17,11150.0
2022-05-18,11150.0
2022-05-19,11150.0
2022-05-20,11150.0
2022-05-21,11150.0
2022-05-22,11150.0
2022-05-23,11150.0
2022-05-24,11150.0
2022-05-25,11150.0
2022-05-26,11150.0
2022-05-27,11150.0
2022-05-28,11150.0
2022-05-29,11150.0
2022-05-30,11150.0
2022-05-31,11150.0
2022-06-01,11150.0
2022-06-02,11150.0
2022-06-03,11150.0
2022-06-04,11150.0
2022-06-05,11150.0
2022-06-06,11150.0
2022-06-07,11150.0
2022-06-08,11150.0
2022-06-09,11150.0
2022-06-10,11150.0
2022-06-11,11150.0
2022-06-12,11150.0
2022-06-13,11150.0
2022-06-14,11150.0
2022-06-15,11150.0
2022-06-16,11150.0
2022-06-17,11150.0
2022-06-18,11150.0
2022-06-19,11150.0
2022-06-20,11150.0
2022-06-21,11150.0
2022-06-22,11150.0
2022-06-23,11150.0
2022-06-24,11150.0
2022-06-25,11150.0
2022-06-26,11150.0
2022-06-27,11150.0
2022-06-28,11150.0
2022-06-29,11150.0
2022-06-30,11150.0
2022-07-01,11150.0
2022-07-02,11150.0
2022-07-03,11150.0
2022-07-04,11150.0
2022-07-05,11150.0
2022-07-06,11150.0
2022-07-07,11150.0
2022-07-08,11150.0
2022-07-09,11150.0
2022-07-10,11150.0
2022-07-11,11150.0
2022-07-12,11150.0
2022-07-13,11150.0
2022-07-14,11150.0
2022-07-15,11150.0
2022-07-16,11150.0
2022-07-17,11150.0
2022-07-18,11150.0
2022-07-19,11150.0
2022-07-20,11150.0
2022-07-21,11150.0
2022-07-22,11150.0
2022-07-23,11150.0
2022-07-24,11150.0
2022-07-25,11150.0
2022-07-26,11150.0
2022-07-27,11150.0
2022-07-28,11150.0
2022-07-29,11150.0
2022-07-30,11150.0
2022-07-31,11150.0
2022-08-01,11150.0
2022-08-02,11150.0
2022-08-03,11150.0
2022-08-04,11150.0
2022-08-05,11150.0
2022-08-06,11150.0
2022-08-07,11150.0
2022-08-08,11150.0
2022-08-09,11150.0
2022-08-10,11150.0
2022-08-11,11150.0
2022-08-12,11150.0
2022-08-13,11150.0
2022-08-14,11150.0
2022-08-15,11150.0
2022-08-16,11150.0
2022-08-17,11150.0
2022-08-18,11150.0
2022-08-19,11150.0
2022-08-20,11150.0
2022-08-21,11150.0
2022-08-22,11150.0
2022-08-23,11150.0
2022-08-24,11150.0
2022-08-25,11150.0
2022-08-26,11150.0
2022-08-27,11150.0
2022-08-28,11150.0
2022-08-29,11150.0
2022-08-30,11150.0
2022-08-31,11150.0
2022-09-01,11150.0
2022-09-02,11150.0
2022-09-03,11150.0
2022-09-04,11150.0
2022-09-05,11150.0
2022-09-06,11150.0
2022-09-07,11150.0
2022-09-08,11150.0
2022-09-09,11150.0
2022-09-10,11150.0
2022-09-11,11150.0
2022-09-12,11150.0
2022-09-13,11400.0
2022-09-14,11400.0
2022-09-15,11400.0
2022-09-16,11400.0
2022-09-17,11400.0
2022-09-18,11400.0
2022-09-19,11400.0
2022-09-20,11400.0
2022-09-21,11400.0
2022-09-22,11400.0
2022-09-23,11400.0
2022-09-24,11400.0
2022-09-25,11400.0
2022-09-26,11400.0
2022-09-27,11400.0
2022-09-28,11400.0
2022-09-29,11400.0
2022-09-30,11400.0
2022-10-01,11400.0
2022-10-02,11400.0
2022-10-03,11400.0
2022-10-04,11400.0
2022-10-05,11400.0
2022-10-06,11400.0
2022-10-07,11400.0
2022-10-08,11400.0
2022-10-09,11400.0
2022-10-10,11400.0
2022-10-11,11400.0
2022-10-12,11400.0
2022-10-13,11400.0
2022-10-14,11400.0
2022-10-15,11400.0
2022-10-16,11400.0
2022-10-17,11400.0
2022-10-18,11400.0
2022-10-19,11400.0
2022-10-20,11400.0
2022-10-21,11400.0
2022-10-22,11400.0
2022-10-23,11400.0
2022-10-24,11400.0
2022-10-25,11400.0
2022-10-26,11400.0
2022-10-27,11400.0
2022-10-28,11400.0
2022-10-29,11400.0
2022-10-30,11400.0
2022-10-31,11400.0
2022-11-01,11400.0
2022-11-02,11400.0
2022-11-03,11400.0
2022-11-04,11400.0
2022-11-05,11400.0
2022-11-06,11400.0
2022-11-07,11400.0
2022-11-08,11400.0
2022-11-09,11400.0
2022-11-10,11400.0
2022-11-11,11400.0
2022-11-12,11400.0
2022-11-13,11400.0
2022-11-14,11650.0
2022-11-15,11650.0
2022-11-16,11650.0
2022-11-17,11650.0
2022-11-18,11650.0
2022-11-19,11650.0
2022-11-20,11650.0
2022-11-21,11650.0
2022-11-22,11650.0
2022-11-23,11650.0
2022-11-24,11650.0
2022-11-25,11650.0
2022-11-26,11650.0
2022-11-27,11650.0
2022-11-28,11650.0
2022-11-29,11650.0
2022-11-30,11650.0
2022-12-01,11650.0
2022-12-02,11650.0
2022-12-03,11650.0
2022-12-04,11650.0
2022-12-05,11900.0
2022-12-06,11900.0
2022-12-07,12250.0
2022-12-08,12250.0
2022-12-09,12250.0
2022-12-10,12250.0
2022-12-11,12250.0
2022-12-12,12250.0
2022-12-13,12250.0
2022-12-14,12250.0
2022-12-15,12250.0
2022-12-16,12250.0
2022-12-17,12250.0
2022-12-18,12250.0
2022-12-19,12250.0
2022-12-20,12250.0
2022-12-21,12250.0
2022-12-22,12250.0
2022-12-23,12250.0
2022-12-24,12250.0
2022-12-25,12250.0
2022-12-26,12250.0
2022-12-27,12250.0
2022-12-28,12250.0
2022-12-29,12250.0
2022-12-30,12250.0
2022-12-31,12250.0
2023-01-01,12250.0
2023-01-02,12250.0
2023-01-03,12250.0
2023-01-04,12250.0
2023-01-05,12250.0
2023-01-06,12250.0
2023-01-07,12250.0
2023-01-08,12250.0
2023-01-09,12250.0
2023-01-10,12250.0
2023-01-11,12250.0
2023-01-12,12250.0
2023-01-13,12250.0
2023-01-14,12250.0
2023-01-15,12250.0
2023-01-16,12500.0
2023-01-17,12500.0
2023-01-18,12500.0
2023-01-19,12500.0
2023-01-20,12500.0
2023-01-21,12500.0
2023-01-22,12500.0
2023-01-23,12500.0
2023-01-24,12500.0
2023-01-25,12500.0
2023-01-26,12500.0
2023-01-27,12500.0
2023-01-28,12500.0
2023-01-29,12500.0
2023-01-30,12500.0
2023-01-31,12500.0
2023-02-01,12500.0
2023-02-02,12500.0
2023-02-03,12500.0
2023-02-04,12500.0
2023-02-05,12500.0
2023-02-06,12650.0
2023-02-07,12900.0
2023-02-08,12900.0
2023-02-09,12900.0
2023-02-10,12900.0
2023-02-11,12900.0
2023-02-12,12900.0
2023-02-13,12900.0
2023-02-14,13150.0
2023-02-15,13150.0
2023-02-16,13150.0
2023-02-17,13150.0
2023-02-18,13150.0
2023-02-19,13150.0
2023-02-20,13150.0
2023-02-21,13150.0
2023-02-22,13150.0
2023-02-23,13150.0
2023-02-24,13150.0
2023-02-25,13150.0
2023-02-26,13150.0
2023-02-27,13150.0
2023-02-28,13150.0
2023-03-01,13150.0
2023-03-02,13150.0
2023-03-03,13150.0
2023-03-04,13150.0
2023-03-05,13150.0
2023-03-06,13150.0
2023-03-07,13150.0
2023-03-08,13150.0
2023-03-09,13150.0
2023-03-10,13150.0
2023-03-11,13150.0
2023-03-12,13150.0
2023-03-13,13150.0
2023-03-14,13150.0
2023-03-15,13150.0
2023-03-16,13150.0
2023-03-17,13150.0
2023-03-18,13150.0
2023-03-19,13150.0
2023-03-20,13150.0
2023-03-21,13150.0
2023-03-22,13150.0
2023-03-23,13150.0
2023-03-24,13150.0
2023-03-25,13150.0
2023-03-26,13150.0
2023-03-27,13150.0
2023-03-28,13150.0
2023-03-29,13150.0
2023-03-30,13150.0
2023-03-31,13150.0
2023-04-01,13150.0
2023-04-02,13150.0
2023-04-03,13150.0
2023-04-04,13150.0
2023-04-05,13150.0
2023-04-06,13150.0
2023-04-07,13250.0
2023-04-08,13250.0
2023-04-09,13250.0
2023-04-10,13150.0
2023-04-11,13150.0
2023-04-12,13150.0
2023-04-13,13150.0
2023-04-14,13150.0
2023-04-15,13150.0
2023-04-16,13150.0
2023-04-17,13150.0
2023-04-18,13150.0
2023-04-19,13150.0
2023-04-20,13150.0
2023-04-21,13150.0
2023-04-22,13150.0
2023-04-23,13150.0
2023-04-24,13150.0
2023-04-25,13150.0
2023-04-26,13150.0
2023-04-27,13150.0
2023-04-28,13150.0
2023-04-29,13150.0
2023-04-30,13150.0
2023-05-01,13250.0
2023-05-02,13150.0
2023-05-03,13150.0
2023-05-04,13150.0
2023-05-05,13150.0
2023-05-06,13150.0
2023-05-07,13150.0
2023-05-08,13150.0
2023-05-09,13150.0
2023-05-10,13150.0
2023-05-11,13150.0
2023-05-12,13150.0
2023-05-13,13150.0
2023-05-14,13150.0
2023-05-15,13150.0
2023-05-16,13150.0
2023-05-17,13150.0
2023-05-18,13150.0
2023-05-19,13150.0
2023-05-20,13150.0
2023-05-21,13150.0
2023-05-22,13150.0
2023-05-23,13150.0
2023-05-24,13150.0
2023-05-25,13150.0
2023-05-26,13150.0
2023-05-27,13150.0
2023-05-28,13150.0
2023-05-29,13150.0
2023-05-30,13150.0
2023-05-31,13150.0
2023-06-01,13150.0
2023-06-02,13150.0
2023-06-03,13150.0
2023-06-04,13150.0
2023-06-05,13150.0
2023-06-06,13150.0
2023-06-07,13150.0
2023-06-08,13150.0
2023-06-09,13150.0
2023-06-10,13150.0
2023-06-11,13150.0
2023-06-12,13150.0
2023-06-13,13150.0
2023-06-14,13150.0
2023-06-15,13150.0
2023-06-16,13150.0
2023-06-17,13150.0
2023-06-18,13150.0
2023-06-19,13150.0
2023-06-20,13150.0
2023-06-21,13150.0
2023-06-22,13150.0
2023-06-23,13150.0
2023-06-24,13150.0
2023-06-25,13150.0
2023-06-26,13150.0
2023-06-27,13150.0
2023-06-28,13150.0
2023-06-29,13150.0
2023-06-30,13150.0
2023-07-01,13150.0
2023-07-02,13150.0
2023-07-03,13150.0
2023-07-04,13150.0
2023-07-05,13150.0
2023-07-06,13150.0
2023-07-07,13150.0
2023-07-08,13150.0
2023-07-09,13150.0
2023-07-10,13150.0
2023-07-11,13150.0
2023-07-12,13150.0
2023-07-13,13150.0
2023-07-14,13150.0
2023-07-15,13150.0
2023-07-16,13150.0
2023-07-17,13150.0
2023-07-18,13150.0
2023-07-19,13150.0
2023-07-20,13150.0
2023-07-21,13150.0
2023-07-22,13150.0
2023-07-23,13150.0
2023-07-24,13150.0
2023-07-25,13150.0
2023-07-26,13150.0
2023-07-27,13150.0
2023-07-28,13150.0
2023-07-29,13150.0
2023-07-30,13150.0
2023-07-31,13150.0
2023-08-01,13150.0
2023-08-02,13150.0
2023-08-03,13150.0
2023-08-04,13150.0
2023-08-05,13150.0
2023-08-06,13150.0
2023-08-07,13150.0
2023-08-08,13150.0
2023-08-09,13150.0
2023-08-10,13150.0
2023-08-11,13150.0
2023-08-12,13150.0
2023-08-13,13150.0
2023-08-14,13150.0
2023-08-15,13150.0
2023-08-16,13150.0
2023-08-17,13150.0
2023-08-18,13150.0
2023-08-19,13150.0
2023-08-20,13150.0
2023-08-21,13150.0
2023-08-22,13400.0
2023-08-23,13400.0
2023-08-24,13400.0
2023-08-25,13500.0
2023-08-26,13500.0
2023-08-27,13500.0
2023-08-28,13400.0
2023-08-29,13400.0
2023-08-30,13400.0
2023-08-31,13400.0
2023-09-01,13400.0
2023-09-02,13400.0
2023-09-03,13400.0
2023-09-04,13400.0
2023-09-05,13400.0
2023-09-06,13400.0
2023-09-07,13400.0
2023-09-08,13400.0
2023-09-09,13400.0
2023-09-10,13400.0
2023-09-11,13400.0
2023-09-12,13400.0
2023-09-13,13400.0
2023-09-14,13500.0
2023-09-15,13500.0
2023-09-16,13500.0
2023-09-17,13500.0
2023-09-18,13750.0
2023-09-19,13750.0
2023-09-20,13750.0
2023-09-21,13750.0
2023-09-22,13750.0
2023-09-23,13750.0
2023-09-24,13750.0
2023-09-25,13750.0
2023-09-26,13750.0
2023-09-27,13750.0
2023-09-28,13750.0
2023-09-29,13750.0
2023-09-30,13750.0
2023-10-01,13750.0
2023-10-02,13750.0
2023-10-03,13750.0
2023-10-04,13750.0
2023-10-05,13750.0
2023-10-06,13750.0
2023-10-07,13750.0
2023-10-08,13750.0
2023-10-09,13750.0
2023-10-10,13750.0
2023-10-11,13750.0
2023-10-12,13750.0
2023-10-13,13750.0
2023-10-14,13750.0
2023-10-15,13750.0
2023-10-16,13750.0
2023-10-17,13750.0
2023-10-18,13750.0
2023-10-19,13750.0
2023-10-20,13750.0
2023-10-21,13750.0
2023-10-22,13750.0
2023-10-23,13750.0
2023-10-24,13750.0
2023-10-25,13750.0
2023-10-26,13750.0
2023-10-27,13750.0
2023-10-28,13750.0
2023-10-29,13750.0
2023-10-30,13750.0
2023-10-31,13750.0
2023-11-01,13750.0
2023-11-02,13750.0
2023-11-03,13750.0
2023-11-04,13750.0
2023-11-05,13750.0
2023-11-06,13750.0
2023-11-07,13750.0
2023-11-08,13750.0
2023-11-09,13750.0
2023-11-10,13750.0
2023-11-11,13750.0
2023-11-12,13750.0
2023-11-13,13750.0
2023-11-14,13900.0
2023-11-15,13900.0
2023-11-16,13900.0
2023-11-17,13900.0
2023-11-18,13900.0
2023-11-19,13900.0
2023-11-20,13900.0
2023-11-21,13900.0
2023-11-22,13900.0
2023-11-23,13900.0
2023-11-24,13900.0
2023-11-25,13900.0
2023-11-26,13900.0
2023-11-27,13900.0
2023-11-28,13900.0
2023-11-29,13900.0
2023-11-30,13900.0
2023-12-01,13900.0
2023-12-02,13900.0
2023-12-03,13900.0
2023-12-04,13900.0
2023-12-05,13900.0
2023-12-06,13900.0
2023-12-07,13900.0
2023-12-08,13900.0
2023-12-09,13900.0
2023-12-10,13900.0
2023-12-11,13900.0
2023-12-12,13900.0
2023-12-13,13900.0
2023-12-14,13900.0
2023-12-15,13900.0
2023-12-16,13900.0
2023-12-17,13900.0
2023-12-18,13900.0
2023-12-19,13900.0
2023-12-20,13900.0
2023-12-21,13900.0
2023-12-22,13900.0
2023-12-23,13900.0
2023-12-24,13900.0
2023-12-25,13900.0
2023-12-26,13900.0
2023-12-27,13900.0
2023-12-28,13900.0
2023-12-29,13900.0
2023-12-30,13900.0
2023-12-31,13900.0
2024-01-01,13900.0
2024-01-02,13900.0
2024-01-03,13900.0
2024-01-04,13900.0
2024-01-05,13900.0
2024-01-06,13900.0
2024-01-07,13900.0
2024-01-08,13900.0
2024-01-09,13900.0
2024-01-10,13900.0
2024-01-11,13900.0
2024-01-12,13900.0
2024-01-13,13900.0
2024-01-14,13900.0
2024-01-15,13900.0
2024-01-16,13900.0
2024-01-17,13900.0
2024-01-18,13900.0
2024-01-19,13900.0
2024-01-20,13900.0
2024-01-21,13900.0
2024-01-22,14150.0
2024-01-23,14150.0
2024-01-24,14150.0
2024-01-25,14150.0
2024-01-26,14150.0
2024-01-27,14150.0
2024-01-28,14150.0
2024-01-29,14150.0
2024-01-30,14150.0
2024-01-31,14150.0
2024-02-01,14150.0
2024-02-02,14150.0
2024-02-03,14150.0
2024-02-04,14150.0
2024-02-05,14900.0
2024-02-06,15150.0
2024-02-07,15150.0
2024-02-08,15150.0
2024-02-09,15150.0
2024-02-10,15150.0
2024-02-11,15150.0
2024-02-12,15400.0
2024-02-13,15400.0
2024-02-14,15400.0
2024-02-15,15400.0
2024-02-16,15400.0
2024-02-17,15400.0
2024-02-18,15400.0
2024-02-19,15400.0
2024-02-20,15400.0
2024-02-21,15400.0
2024-02-22,15400.0
2024-02-23,15400.0
2024-02-24,15400.0
2024-02-25,15400.0
2024-02-26,15400.0
2024-02-27,15400.0
2024-02-28,15400.0
2024-02-29,15400.0
2024-03-01,15400.0
2024-03-02,15400.0
2024-03-03,15400.0
2024-03-04,15400.0
2024-03-05,15400.0
2024-03-06,15400.0
2024-03-07,15400.0
2024-03-08,15400.0
2024-03-09,15400.0
2024-03-10,15400.0
2024-03-11,15400.0
2024-03-12,15400.0
2024-03-13,15400.0
2024-03-14,15400.0
2024-03-15,15400.0
2024-03-16,15400.0
2024-03-17,15400.0
2024-03-18,15150.0
2024-03-19,15150.0
2024-03-20,15150.0
2024-03-21,15150.0
2024-03-22,15150.0
2024-03-23,15150.0
2024-03-24,15150.0
2024-03-25,15150.0
2024-03-26,15150.0
2024-03-27,15150.0
2024-03-28,15150.0
2024-03-29,15150.0
2024-03-30,15150.0
2024-03-31,15150.0
2024-04-01,15150.0
2024-04-02,15150.0
2024-04-03,15150.0
2024-04-04,15150.0
2024-04-05,15150.0
2024-04-06,15150.0
2024-04-07,15150.0
2024-04-08,15150.0
2024-04-09,15150.0
2024-04-10,15150.0
2024-04-11,15150.0
2024-04-12,15150.0
2024-04-13,15150.0
2024-04-14,15150.0
2024-04-15,15150.0
2024-04-16,15150.0
2024-04-17,15150.0
2024-04-18,15150.0
2024-04-19,15150.0
2024-04-20,15150.0
2024-04-21,15150.0
2024-04-22,15150.0
2024-04-23,15150.0
2024-04-24,15150.0
2024-04-25,15150.0
2024-04-26,15150.0
2024-04-27,15150.0
2024-04-28,15150.0
2024-04-29,15150.0
2024-04-30,15150.0
2024-05-01,15150.0
2024-05-02,15150.0
2024-05-03,15150.0
2024-05-04,15150.0
2024-05-05,15150.0
2024-05-06,15150.0
2024-05-07,15150.0
2024-05-08,15150.0
2024-05-09,15150.0
2024-05-10,15150.0
2024-05-11,15150.0
2024-05-12,15150.0
2024-05-13,15150.0
2024-05-14,15150.0
2024-05-15,15150.0
2024-05-16,15150.0
2024-05-17,15150.0
2024-05-18,15150.0
2024-05-19,15150.0
2024-05-20,15150.0
2024-05-21,15150.0
2024-05-22,14650.0
2024-05-23,14650.0
2024-05-24,14650.0
2024-05-25,14650.0
2024-05-26,14650.0
2024-05-27,14000.0
2024-05-28,14000.0
2024-05-29,14000.0
2024-05-30,14000.0
2024-05-31,14000.0
2024-06-01,14000.0
2024-06-02,14000.0
2024-06-03,14000.0
2024-06-04,14000.0
2024-06-05,14000.0
2024-06-06,14000.0
2024-06-07,14000.0
2024-06-08,14000.0
2024-06-09,14000.0
2024-06-10,14000.0
2024-06-11,14000.0
2024-06-12,14000.0
2024-06-13,14000.0
2024-06-14,14000.0
2024-06-15,14000.0
2024-06-16,14000.0
2024-06-17,14000.0
2024-06-18,14000.0
2024-06-19,14000.0
2024-06-20,14000.0
2024-06-21,14000.0
2024-06-22,14000.0
2024-06-23,14000.0
2024-06-24,14000.0
2024-06-25,14000.0
2024-06-26,14000.0
2024-06-27,14000.0
2024-06-28,14000.0
2024-06-29,14000.0
2024-06-30,14000.0
2024-07-01,14000.0
2024-07-02,14000.0
2024-07-03,14000.0
2024-07-04,14000.0
2024-07-05,14000.0
2024-07-06,14000.0
2024-07-07,14000.0
2024-07-08,14000.0
2024-07-09,14000.0
2024-07-10,14000.0
2024-07-11,14000.0
2024-07-12,14000.0
2024-07-13,14000.0
2024-07-14,14000.0
2024-07-15,14000.0
2024-07-16,14000.0
2024-07-17,14000.0
2024-07-18,14000.0
2024-07-19,14000.0
2024-07-20,14000.0
2024-07-21,14000.0
2024-07-22,14000.0
2024-07-23,14000.0
2024-07-24,14000.0
2024-07-25,14000.0
2024-07-26,14000.0
2024-07-27,14000.0
2024-07-28,14000.0
2024-07-29,14000.0
2024-07-30,14000.0
2024-07-31,14000.0
2024-08-01,14000.0
2024-08-02,14000.0
2024-08-03,14000.0
2024-08-04,14000.0
2024-08-05,14000.0
2024-08-06,14000.0
2024-08-07,14000.0
2024-08-08,14000.0
2024-08-09,14000.0
2024-08-10,14000.0
2024-08-11,14000.0
2024-08-12,14000.0
2024-08-13,14000.0
2024-08-14,14000.0
2024-08-15,14000.0
2024-08-16,14000.0
2024-08-17,14000.0
2024-08-18,14000.0
2024-08-19,14000.0
2024-08-20,14000.0
2024-08-21,14000.0
2024-08-22,14000.0
2024-08-23,14000.0
2024-08-24,14000.0
2024-08-25,14000.0
2024-08-26,14000.0
2024-08-27,14000.0
2024-08-28,14000.0
2024-08-29,14000.0
2024-08-30,14000.0
2024-08-31,14000.0
2024-09-01,14000.0
2024-09-02,14000.0
2024-09-03,14000.0
2024-09-04,14000.0
2024-09-05,14000.0
2024-09-06,14000.0
2024-09-07,14000.0
2024-09-08,14000.0
2024-09-09,14000.0
2024-09-10,14000.0
2024-09-11,14000.0
2024-09-12,14000.0
2024-09-13,14000.0
2024-09-14,14000.0
2024-09-15,14000.0
2024-09-16,14000.0
2024-09-17,14000.0
2024-09-18,14000.0
2024-09-19,14000.0
2024-09-20,14000.0
2024-09-21,14000.0
2024-09-22,14000.0
2024-09-23,14000.0
2024-09-24,14000.0
2024-09-25,14000.0
2024-09-26,14000.0
2024-09-27,14000.0
2024-09-28,14000.0
2024-09-29,14000.0
2024-09-30,14000.0
2024-10-01,14000.0
2024-10-02,14000.0
2024-10-03,14000.0
2024-10-04,14000.0
2024-10-05,14000.0
2024-10-06,14000.0
2024-10-07,14000.0
2024-10-08,14000.0
2024-10-09,14000.0
2024-10-10,14000.0
2024-10-11,14000.0
2024-10-12,14000.0
2024-10-13,14000.0
2024-10-14,14000.0
2024-10-15,14000.0
2024-10-16,14000.0
2024-10-17,14000.0
2024-10-18,14000.0
2024-10-19,14000.0
2024-10-20,14000.0
2024-10-21,14000.0
2024-10-22,14000.0
2024-10-23,14000.0
2024-10-24,14000.0
2024-10-25,14000.0
2024-10-26,14000.0
2024-10-27,14000.0
2024-10-28,14000.0
2024-10-29,14000.0
2024-10-30,14000.0
2024-10-31,14000.0
2024-11-01,14000.0
2024-11-02,14000.0
2024-11-03,14000.0
2024-11-04,14000.0
2024-11-05,14000.0
2024-11-06,14000.0
2024-11-07,14000.0
2024-11-08,14000.0
2024-11-09,14000.0
2024-11-10,14000.0
2024-11-11,14000.0
2024-11-12,13900.0
2024-11-13,13900.0
2024-11-14,13900.0
2024-11-15,13900.0
2024-11-16,13900.0
2024-11-17,13900.0
2024-11-18,13900.0
2024-11-19,13900.0
2024-11-20,13900.0
2024-11-21,13900.0
2024-11-22,13900.0
2024-11-23,13900.0
2024-11-24,13900.0
2024-11-25,13900.0
2024-11-26,13900.0
2024-11-27,13900.0
2024-11-28,13900.0
2024-11-29,13900.0
2024-11-30,13900.0
2024-12-01,13900.0
2024-12-02,13900.0
2024-12-03,13900.0
2024-12-04,13900.0
2024-12-05,13900.0
2024-12-06,13900.0
2024-12-07,13900.0
2024-12-08,13900.0
2024-12-09,13900.0
2024-12-10,13900.0
2024-12-11,13900.0
2024-12-12,13900.0
2024-12-13,13900.0
2024-12-14,13900.0
2024-12-15,13900.0
2024-12-16,13900.0
2024-12-17,13900.0
2024-12-18,13900.0
2024-12-19,13900.0
2024-12-20,13900.0
2024-12-21,13900.0
2024-12-22,13900.0
2024-12-23,13900.0
2024-12-24,13900.0
2024-12-25,13900.0
2024-12-26,13900.0
2024-12-27,13900.0
2024-12-28,13900.0
2024-12-29,13900.0
2024-12-30,13900.0
2024-12-31,13900.0
2025-01-01,13900.0
2025-01-02,13900.0
2025-01-03,13900.0
2025-01-04,13900.0
2025-01-05,13900.0
2025-01-06,13900.0
2025-01-07,13900.0
2025-01-08,13900.0
2025-01-09,13900.0
2025-01-10,13900.0
2025-01-11,13900.0
2025-01-12,13900.0
2025-01-13,13900.0
2025-01-14,13900.0
2025-01-15,13900.0
2025-01-16,13900.0
2025-01-17,13900.0
2025-01-18,13900.0
2025-01-19,13900.0
2025-01-20,13900.0
2025-01-21,13900.0
2025-01-22,13900.0
2025-01-23,13900.0
2025-01-24,13900.0
2025-01-25,13900.0
2025-01-26,13900.0
2025-01-27,13900.0
2025-01-28,13900.0
2025-01-29,13900.0
2025-01-30,13900.0
2025-01-31,13900.0
2025-02-01,13900.0
2025-02-02,13900.0
2025-02-03,13900.0
2025-02-04,13900.0
2025-02-05,13900.0
2025-02-06,13900.0
2025-02-07,13900.0
2025-02-08,13900.0
2025-02-09,13900.0
2025-02-10,13900.0
2025-02-11,13900.0
2025-02-12,13900.0
2025-02-13,13900.0
2025-02-14,13900.0
2025-02-15,13900.0
2025-02-16,13900.0
2025-02-17,13900.0
2025-02-18,13900.0
2025-02-19,13900.0
2025-02-20,13900.0
2025-02-21,13900.0
2025-02-22,13900.0
2025-02-23,13900.0
2025-02-24,13900.0
2025-02-25,13900.0
2025-02-26,13900.0
2025-02-27,13900.0
2025-02-28,13900.0
2025-03-01,13900.0
2025-03-02,13900.0
2025-03-03,14150.0
2025-03-04,14150.0
2025-03-05,14150.0
2025-03-06,14150.0
2025-03-07,14150.0
2025-03-08,14150.0
2025-03-09,14150.0
2025-03-10,14150.0
2025-03-11,14150.0
2025-03-12,14150.0
2025-03-13,14150.0
2025-03-14,14150.0
2025-03-15,14150.0
2025-03-16,14150.0
2025-03-17,14150.0
2025-03-18,14150.0
2025-03-19,14150.0
2025-03-20,14150.0
2025-03-21,14150.0
2025-03-22,14150.0
2025-03-23,14150.0
2025-03-24,14150.0
2025-03-25,14150.0
2025-03-26,14150.0
2025-03-27,14150.0
2025-03-28,14150.0
2025-03-29,14150.0
2025-03-30,14150.0
2025-03-31,14150.0
2025-04-01,14150.0
2025-04-02,14150.0
2025-04-03,14150.0
2025-04-04,14150.0
2025-04-05,14150.0
2025-04-06,14150.0
2025-04-07,14150.0
2025-04-08,14150.0
2025-04-09,14150.0
2025-04-10,14150.0
2025-04-11,14150.0
2025-04-12,14150.0
2025-04-13,14150.0
2025-04-14,14150.0
2025-04-15,14150.0
2025-04-16,14150.0
2025-04-17,14150.0
2025-04-18,14150.0
2025-04-19,14150.0
2025-04-20,14150.0
2025-04-21,14150.0
2025-04-22,14150.0
2025-04-23,14150.0
2025-04-24,14150.0
2025-04-25,14150.0
2025-04-26,14150.0
2025-04-27,14150.0
2025-04-28,14150.0
2025-04-29,14150.0
2025-04-30,14150.0
2025-05-01,14150.0
2025-05-02,14150.0
2025-05-03,14150.0
2025-05-04,14150.0
2025-05-05,14150.0
2025-05-06,14150.0
2025-05-07,14150.0
2025-05-08,14150.0
2025-05-09,14150.0
2025-05-10,14150.0
2025-05-11,14150.0
2025-05-12,14150.0
2025-05-13,14150.0
2025-05-14,14150.0
2025-05-15,14150.0
2025-05-16,14150.0
2025-05-17,14150.0
2025-05-18,14150.0
2025-05-19,14150.0
2025-05-20,14150.0
2025-05-21,14150.0
2025-05-22,14150.0
2025-05-23,14150.0
2025-05-24,14150.0
2025-05-25,14150.0
2025-05-26,14150.0
2025-05-27,14150.0
2025-05-28,14150.0
2025-05-29,14150.0
2025-05-30,14150.0
2025-05-31,14150.0
2025-06-01,14150.0
2025-06-02,14150.0
2025-06-03,14150.0
2025-06-04,14150.0
2025-06-05,14150.0
2025-06-06,14150.0
2025-06-07,14150.0
2025-06-08,14150.0
2025-06-09,14150.0
2025-06-10,14150.0
2025-06-11,14150.0
2025-06-12,14150.0
2025-06-13,14150.0
2025-06-14,14150.0
2025-06-15,14150.0
2025-06-16,14150.0
2025-06-17,14150.0
2025-06-18,14150.0
2025-06-19,14150.0
2025-06-20,14150.0
2025-06-21,14150.0
2025-06-22,14150.0
2025-06-23,14150.0
2025-06-24,14150.0
2025-06-25,14150.0
2025-06-26,14400.0
2025-06-27,14400.0
2025-06-28,14400.0
2025-06-29,14400.0
2025-06-30,14400.0
2025-07-01,14400.0
2025-07-02,14400.0
2025-07-03,14400.0
2025-07-04,14400.0
2025-07-05,14400.0
2025-07-06,14400.0
2025-07-07,14400.0
2025-07-08,14400.0
2025-07-09,14400.0
2025-07-10,14400.0
2025-07-11,14400.0
2025-07-12,14400.0
2025-07-13,14400.0
2025-07-14,14400.0
2025-07-15,14400.0
2025-07-16,14400.0
2025-07-17,14400.0
2025-07-18,14400.0
2025-07-19,14400.0
2025-07-20,14400.0
2025-07-21,14400.0
2025-07-22,14400.0
2025-07-23,14400.0
2025-07-24,14400.0
2025-07-25,14400.0
2025-07-26,14400.0
2025-07-27,14400.0
2025-07-28,14400.0
2025-07-29,14400.0
2025-07-30,14400.0
2025-07-31,14400.0
2025-08-01,14400.0
2025-08-02,14400.0
2025-08-03,14400.0
2025-08-04,14400.0
2025-08-05,14400.0
2025-08-06,14400.0
2025-08-07,14400.0
2025-08-08,14400.0
2025-08-09,14400.0
2025-08-10,14400.0
2025-08-11,14400.0
2025-08-12,14400.0
2025-08-13,14400.0
2025-08-14,14400.0
2025-08-15,14400.0
2025-08-16,14400.0
2025-08-17,14400.0
2025-08-18,14400.0
2025-08-19,14400.0
2025-08-20,14400.0
2025-08-21,14400.0
2025-08-22,14400.0
2025-08-23,14400.0
2025-08-24,14400.0
2025-08-25,14400.0
2025-08-26,14400.0
2025-08-27,14400.0
2025-08-28,14400.0
2025-08-29,14400.0
2025-08-30,14400.0
2025-08-31,14400.0
2025-09-01,14400.0
2025-09-02,14400.0
2025-09-03,14400.0
2025-09-04,14400.0
2025-09-05,14400.0
2025-09-06,14400.0
2025-09-07,14400.0
2025-09-08,14150.0
2025-09-09,14150.0
2025-09-10,14150.0
2025-09-11,14150.0
2025-09-12,14150.0
2025-09-13,14150.0
2025-09-14,14150.0
2025-09-15,14150.0
2025-09-16,14150.0
2025-09-17,14150.0
2025-09-18,14150.0
2025-09-19,14150.0
2025-09-20,14150.0
2025-09-21,14150.0
2025-09-22,14150.0
2025-09-23,14150.0
2025-09-24,14150.0
2025-09-25,14150.0
2025-09-26,14150.0
2025-09-27,14150.0
2025-09-28,14150.0
2025-09-29,14150.0
2025-09-30,14150.0
2025-10-01,14150.0
2025-10-02,14150.0
2025-10-03,14150.0
2025-10-04,14150.0
2025-10-05,14150.0
2025-10-06,14150.0
2025-10-07,14150.0
2025-10-08,14150.0
2025-10-09,14150.0
2025-10-10,14150.0
2025-10-11,14150.0
2025-10-12,14150.0
2025-10-13,14150.0
2025-10-14,14150.0
2025-10-15,14150.0
2025-10-16,14150.0
2025-10-17,14150.0
2025-10-18,14150.0
2025-10-19,14150.0
2025-10-20,14150.0
2025-10-21,14150.0
2025-10-22,14150.0
2025-10-23,14150.0
2025-10-24,14150.0
2025-10-25,14150.0
2025-10-26,14150.0
2025-10-27,14150.0
2025-10-28,14150.0
2025-10-29,14150.0
2025-10-30,14150.0
2025-10-31,14150.0
2025-11-01,14150.0
2025-11-02,14150.0
2025-11-03,14150.0
2025-11-04,14150.0
2025-11-05,14150.0
2025-11-06,14150.0
2025-11-07,14150.0
2025-11-08,14150.0
2025-11-09,14150.0
2025-11-10,14150.0
2025-11-11,14150.0
2025-11-12,14150.0
2025-11-13,14150.0
2025-11-14,14150.0
2025-11-15,14150.0
2025-11-16,14150.0
2025-11-17,14150.0
2025-11-18,14150.0
2025-11-19,14150.0
2025-11-20,14150.0
2025-11-21,14150.0
2025-11-22,14150.0
2025-11-23,14150.0
2025-11-24,14150.0
2025-11-25,14150.0
2025-11-26,14150.0
2025-11-27,14150.0
2025-11-28,14150.0
2025-11-29,14150.0
2025-11-30,14150.0
2025-12-01,14150.0
2025-12-02,14150.0
2025-12-03,14150.0
2025-12-04,14150.0
2025-12-05,14150.0
2025-12-06,14150.0
2025-12-07,14150.0
2025-12-08,14150.0
2025-12-09,14150.0
2025-12-10,14150.0
2025-12-11,14150.0
2025-12-12,14150.0
2025-12-13,14150.0
2025-12-14,14150.0
2025-12-15,14150.0
2025-12-16,14150.0
2025-12-17,14150.0
2025-12-18,14150.0
2025-12-19,14150.0
2025-12-20,14150.0
2025-12-21,14150.0
2025-12-22,14150.0
2025-12-23,14150.0
2025-12-24,14150.0
2025-12-25,14150.0
2025-12-26,14150.0
2025-12-27,14150.0
2025-12-28,14150.0
2025-12-29,14150.0
2025-12-30,14150.0
2025-12-31,14150.0
2026-01-01,14150.0
2026-01-02,14150.0
2026-01-03,14150.0
2026-01-04,14150.0
2026-01-05,14150.0
2026-01-06,14150.0
2026-01-07,14150.0
2026-01-08,14150.0
2026-01-09,14150.0
2026-01-10,14150.0
2026-01-11,14150.0
2026-01-12,14150.0
2026-01-13,14150.0
2026-01-14,14150.0
2026-01-15,14150.0
2026-01-16,14150.0
2026-01-17,14150.0
2026-01-18,14150.0
2026-01-19,14150.0
2026-01-20,14150.0
2026-01-21,14150.0
2026-01-22,14150.0
2026-01-23,14150.0
2026-01-24,14150.0
2026-01-25,14150.0
2026-01-26,14150.0
2026-01-27,14150.0
2026-01-28,14150.0
2026-01-29,14150.0
2026-01-30,14150.0
2026-01-31,14150.0
2026-02-01,14150.0
2026-02-02,14150.0
2026-02-03,14150.0
2026-02-04,14150.0
2026-02-05,14150.0
2026-02-06,14150.0
2026-02-07,14150.0
2026-02-08,14150.0
2026-02-09,14150.0
2026-02-10,14150.0
2026-02-11,14150.0
2026-02-12,14150.0
2026-02-13,14150.0
2026-02-14,14150.0
2026-02-15,14150.0
2026-02-16,14150.0
2026-02-17,14150.0
2026-02-18,14150.0
2026-02-19,14150.0
2026-02-20,14150.0
2026-02-21,14150.0
2026-02-22,14150.0
